CPU Stats,Memory Stats,Network Stats,Up Time
"[17.8, 52.1]","[5.36, 31.9, 2.41]","[398641873, 557649907, 836920, 1054974]",177173.18
"[0.3, 51.0]","[5.36, 31.9, 2.41]","[398649141, 557657175, 836984, 1055042]",177174.18
"[1.3, 51.0]","[5.36, 31.9, 2.41]","[398653959, 557661081, 837032, 1055091]",177175.18
"[1.3, 52.1]","[5.36, 31.9, 2.41]","[398661892, 557667148, 837101, 1055154]",177176.19
"[0.5, 50.5]","[5.36, 31.9, 2.41]","[398667016, 557670938, 837153, 1055203]",177177.19
"[1.2, 50.5]","[5.36, 31.8, 2.41]","[398668313, 557672373, 837165, 1055217]",177178.19
"[0.5, 51.0]","[5.36, 31.9, 2.41]","[398670187, 557673855, 837184, 1055234]",177179.20
"[0.0, 51.0]","[5.36, 31.9, 2.41]","[398675112, 557677578, 837235, 1055283]",177180.30
"[5.0, 50.5]","[5.37, 31.8, 2.4]","[398687083, 557691364, 837320, 1055367]",177181.30
"[0.0, 50.5]","[5.37, 31.8, 2.4]","[398691857, 557695194, 837369, 1055414]",177182.31
"[0.3, 50.5]","[5.37, 31.8, 2.4]","[398703878, 557697294, 837389, 1055432]",177183.31
"[0.3, 48.8]","[5.37, 31.8, 2.4]","[398705843, 557699293, 837410, 1055452]",177184.31
"[0.3, 50.5]","[5.37, 31.8, 2.4]","[398710665, 557702495, 837459, 1055498]",177185.32
"[2.3, 50.5]","[5.42, 31.0, 2.34]","[398722720, 557713294, 837548, 1055584]",177186.32
"[1.0, 49.4]","[5.42, 31.0, 2.34]","[398728010, 557717566, 837601, 1055636]",177187.32
"[1.0, 52.1]","[5.42, 31.0, 2.34]","[398735832, 557725370, 837662, 1055702]",177188.33
"[1.0, 50.5]","[5.42, 31.0, 2.34]","[398740174, 557729060, 837705, 1055739]",177189.33
"[0.3, 50.5]","[5.42, 31.0, 2.34]","[398745179, 557732867, 837756, 1055790]",177190.33
"[2.2, 50.5]","[5.42, 31.0, 2.34]","[398756099, 557742727, 837848, 1055880]",177191.34
"[2.0, 50.5]","[5.42, 31.0, 2.34]","[398762247, 557747469, 837906, 1055936]",177192.34
"[3.8, 50.5]","[5.42, 31.0, 2.35]","[398776650, 557762298, 837995, 1056024]",177193.34
"[2.5, 50.5]","[5.42, 31.1, 2.35]","[398791623, 557777837, 838095, 1056128]",177194.42
"[0.3, 48.3]","[5.42, 31.1, 2.35]","[398798309, 557785864, 838158, 1056187]",177195.43
"[1.8, 49.9]","[5.42, 31.1, 2.35]","[398806700, 557793064, 838234, 1056261]",177196.43
"[3.0, 50.5]","[5.42, 31.1, 2.35]","[398815561, 557804367, 838305, 1056333]",177197.43
"[0.3, 48.8]","[5.42, 31.1, 2.35]","[398817334, 557805814, 838323, 1056349]",177198.44
"[1.3, 49.9]","[5.42, 31.1, 2.35]","[398844737, 557832913, 838529, 1056558]",177199.44
"[0.5, 49.4]","[5.42, 31.1, 2.35]","[398857990, 557845027, 838636, 1056669]",177200.44
"[2.7, 49.4]","[5.41, 31.2, 2.35]","[398901237, 557861647, 838788, 1056807]",177201.54
"[0.5, 48.8]","[5.41, 31.2, 2.35]","[398976206, 557872072, 838913, 1056919]",177202.55
"[0.3, 49.9]","[5.41, 31.2, 2.36]","[399002339, 557877950, 838968, 1056979]",177203.55
"[1.0, 49.4]","[5.41, 31.2, 2.36]","[399009353, 557884802, 839025, 1057039]",177204.56
"[0.3, 48.8]","[5.41, 31.2, 2.36]","[399015339, 557889382, 839084, 1057095]",177205.56
"[3.0, 50.5]","[5.41, 31.2, 2.36]","[399041956, 557914575, 839267, 1057280]",177206.57
"[1.0, 49.4]","[5.41, 31.2, 2.36]","[399051255, 557922163, 839338, 1057350]",177207.57
"[2.8, 48.8]","[5.41, 31.2, 2.36]","[399095934, 557937691, 839443, 1057445]",177208.58
"[1.7, 49.9]","[5.41, 31.2, 2.36]","[399130732, 557955108, 839551, 1057554]",177209.58
"[0.5, 49.4]","[5.41, 31.2, 2.36]","[399143315, 557967083, 839658, 1057663]",177210.58
"[2.0, 49.4]","[5.41, 31.2, 2.36]","[399153475, 557974955, 839739, 1057741]",177211.59
"[1.0, 50.5]","[5.41, 31.2, 2.36]","[399159843, 557980849, 839795, 1057798]",177212.59
"[1.0, 49.9]","[5.41, 31.2, 2.36]","[399165722, 557986622, 839848, 1057851]",177213.60
"[1.0, 49.9]","[5.41, 31.2, 2.36]","[399175705, 557996275, 839941, 1057943]",177214.60
"[0.3, 49.4]","[5.41, 31.2, 2.36]","[399182012, 558000810, 839998, 1057996]",177215.61
"[1.7, 48.8]","[5.41, 31.2, 2.36]","[399233680, 558014772, 840136, 1058122]",177216.61
"[0.5, 51.0]","[5.41, 31.2, 2.36]","[399300373, 558024871, 840253, 1058231]",177217.62
"[1.0, 49.4]","[5.42, 31.1, 2.35]","[399312401, 558036212, 840346, 1058319]",177218.62
"[0.7, 49.4]","[5.42, 31.1, 2.35]","[399320438, 558043983, 840421, 1058394]",177219.63
"[0.5, 49.4]","[5.41, 31.1, 2.35]","[399328235, 558051014, 840495, 1058470]",177220.63
"[1.3, 49.9]","[5.42, 31.1, 2.35]","[399342659, 558063932, 840621, 1058596]",177221.63
"[0.7, 48.3]","[5.42, 31.1, 2.35]","[399353129, 558073968, 840702, 1058679]",177222.64
"[2.0, 49.4]","[5.41, 31.2, 2.36]","[399362449, 558083744, 840783, 1058761]",177223.64
"[2.0, 49.9]","[5.41, 31.2, 2.36]","[399398280, 558092486, 840881, 1058846]",177224.65
"[0.5, 49.9]","[5.41, 31.2, 2.36]","[399404310, 558097340, 840941, 1058904]",177225.65
"[1.3, 49.4]","[5.41, 31.2, 2.36]","[399412644, 558104298, 841012, 1058973]",177226.66
"[0.3, 49.9]","[5.41, 31.2, 2.36]","[399415434, 558106698, 841040, 1059002]",177227.66
"[0.3, 48.3]","[5.41, 31.2, 2.36]","[399417152, 558108184, 841057, 1059019]",177228.67
"[0.5, 49.4]","[5.41, 31.2, 2.36]","[399422601, 558112801, 841110, 1059067]",177229.67
"[0.5, 49.4]","[5.42, 31.1, 2.35]","[399432072, 558121660, 841187, 1059146]",177230.67
"[3.0, 50.5]","[5.41, 31.1, 2.35]","[399461678, 558161994, 841327, 1059282]",177231.68
"[1.0, 49.4]","[5.41, 31.2, 2.36]","[399482644, 558167536, 841385, 1059329]",177232.68
"[0.8, 48.3]","[5.41, 31.2, 2.36]","[399525726, 558174059, 841457, 1059392]",177233.69
"[0.5, 49.4]","[5.41, 31.2, 2.36]","[399531629, 558178740, 841509, 1059439]",177234.69
"[0.5, 48.8]","[5.41, 31.2, 2.36]","[399538816, 558184881, 841575, 1059503]",177235.70
"[0.3, 49.4]","[5.41, 31.2, 2.36]","[399546251, 558191048, 841642, 1059567]",177236.70
"[1.7, 48.3]","[5.41, 31.2, 2.36]","[399552001, 558195796, 841694, 1059616]",177237.71
"[0.0, 49.4]","[5.41, 31.2, 2.36]","[399557080, 558200297, 841741, 1059658]",177238.71
"[3.3, 49.4]","[5.41, 31.3, 2.36]","[399575372, 558206538, 841807, 1059717]",177239.71
"[1.7, 48.3]","[5.41, 31.3, 2.36]","[399582038, 558212380, 841868, 1059777]",177240.72
"[0.3, 49.4]","[5.41, 31.3, 2.36]","[399589786, 558218412, 841938, 1059844]",177241.72
"[0.3, 48.8]","[5.41, 31.3, 2.36]","[399595592, 558223766, 841991, 1059897]",177242.73
"[0.5, 48.8]","[5.41, 31.3, 2.36]","[399600647, 558228619, 842038, 1059940]",177243.73
"[0.5, 49.4]","[5.41, 31.3, 2.36]","[399607167, 558234032, 842097, 1059995]",177244.74
"[0.5, 48.8]","[5.41, 31.3, 2.36]","[399613655, 558239951, 842153, 1060053]",177245.74
"[0.5, 49.4]","[5.41, 31.3, 2.36]","[399621541, 558246545, 842225, 1060123]",177246.75
"[0.3, 49.9]","[5.41, 31.3, 2.36]","[399627191, 558251257, 842277, 1060172]",177247.75
"[0.3, 49.4]","[5.41, 31.3, 2.36]","[399632055, 558255797, 842322, 1060213]",177248.75
"[0.5, 49.4]","[5.41, 31.3, 2.36]","[399638819, 558261653, 842384, 1060273]",177249.76
"[1.0, 48.8]","[5.41, 31.2, 2.36]","[399645780, 558266986, 842449, 1060333]",177250.76
"[0.5, 48.8]","[5.41, 31.2, 2.36]","[399653860, 558273224, 842526, 1060405]",177251.77
"[0.7, 49.4]","[5.41, 31.2, 2.36]","[399659663, 558278537, 842580, 1060458]",177252.77
"[0.5, 49.4]","[5.41, 31.2, 2.36]","[399664975, 558283931, 842630, 1060507]",177253.78
"[0.5, 49.4]","[5.41, 31.2, 2.36]","[399681014, 558289669, 842702, 1060569]",177254.78
"[0.5, 48.8]","[5.41, 31.2, 2.36]","[399687698, 558296385, 842763, 1060629]",177255.78
"[0.5, 48.3]","[5.41, 31.2, 2.36]","[399695147, 558302554, 842833, 1060697]",177256.79
"[1.3, 48.8]","[5.41, 31.2, 2.36]","[399701147, 558307558, 842886, 1060745]",177257.79
"[0.5, 47.7]","[5.41, 31.2, 2.36]","[399705761, 558312000, 842925, 1060784]",177258.80
"[1.0, 49.9]","[5.41, 31.2, 2.36]","[399713043, 558318334, 842993, 1060849]",177259.80
"[0.3, 49.4]","[5.41, 31.2, 2.36]","[399719732, 558323789, 843055, 1060909]",177260.81
"[0.5, 48.8]","[5.41, 31.2, 2.36]","[399727487, 558330262, 843125, 1060978]",177261.81
"[0.8, 49.4]","[5.41, 31.2, 2.36]","[399733180, 558334945, 843177, 1061026]",177262.82
"[0.5, 48.3]","[5.41, 31.2, 2.36]","[399738171, 558339872, 843224, 1061071]",177263.82
"[1.0, 49.4]","[5.41, 31.2, 2.36]","[399754090, 558354015, 843327, 1061173]",177264.82
"[0.8, 49.9]","[5.42, 31.1, 2.35]","[399762944, 558361279, 843403, 1061243]",177265.83
"[1.5, 47.7]","[5.42, 31.1, 2.35]","[399774144, 558372255, 843486, 1061328]",177266.84
"[0.0, 47.7]","[5.42, 31.1, 2.35]","[399776903, 558374070, 843513, 1061352]",177267.84
"[1.2, 48.8]","[5.42, 31.1, 2.35]","[399782751, 558380130, 843562, 1061401]",177268.84
"[0.2, 48.8]","[5.42, 31.1, 2.35]","[399786996, 558383375, 843605, 1061442]",177269.85
"[0.2, 48.8]","[5.42, 31.1, 2.35]","[399790649, 558385880, 843642, 1061478]",177270.85
"[0.7, 48.3]","[5.42, 31.1, 2.35]","[399795730, 558389673, 843693, 1061527]",177271.86
"[0.3, 48.8]","[5.42, 31.1, 2.35]","[399797631, 558391486, 843712, 1061547]",177272.86
"[3.0, 47.7]","[5.42, 31.1, 2.35]","[399805351, 558398768, 843776, 1061607]",177273.87
"[0.5, 48.8]","[5.42, 31.1, 2.35]","[399812948, 558404860, 843846, 1061672]",177274.87
"[0.0, 48.8]","[5.42, 31.1, 2.35]","[399816612, 558407840, 843883, 1061710]",177275.88
"[0.7, 48.8]","[5.42, 31.1, 2.35]","[399821892, 558411502, 843936, 1061760]",177276.88
"[0.0, 49.4]","[5.42, 31.1, 2.35]","[399823924, 558412964, 843956, 1061779]",177277.88
"[0.2, 47.7]","[5.42, 31.1, 2.35]","[399825686, 558414930, 843974, 1061799]",177278.89
"[0.0, 49.4]","[5.42, 31.1, 2.35]","[399829921, 558418173, 844017, 1061840]",177279.89
"[0.0, 49.4]","[5.42, 31.1, 2.35]","[399833575, 558420719, 844054, 1061877]",177280.90
"[0.3, 48.3]","[5.42, 31.1, 2.35]","[399838657, 558424237, 844105, 1061924]",177281.90
"[0.0, 48.3]","[5.42, 31.1, 2.35]","[399840860, 558426166, 844127, 1061945]",177282.90
"[0.3, 48.8]","[5.42, 31.1, 2.35]","[399842731, 558427981, 844146, 1061966]",177283.91
"[0.2, 48.8]","[5.42, 31.1, 2.35]","[399846780, 558431120, 844186, 1062005]",177284.91
"[0.2, 48.3]","[5.42, 31.1, 2.35]","[399851002, 558434387, 844229, 1062046]",177285.92
"[0.7, 48.3]","[5.42, 31.1, 2.35]","[399856116, 558437743, 844281, 1062094]",177286.92
"[0.0, 48.8]","[5.42, 31.1, 2.35]","[399858027, 558439518, 844300, 1062113]",177287.93
"[0.3, 47.2]","[5.42, 31.1, 2.35]","[399859434, 558440847, 844314, 1062128]",177288.93
"[1.0, 48.3]","[5.42, 31.1, 2.35]","[399863905, 558444182, 844360, 1062171]",177289.94
"[0.3, 49.4]","[5.42, 31.1, 2.35]","[399867569, 558446650, 844397, 1062206]",177290.94
"[0.3, 48.8]","[5.42, 31.1, 2.35]","[399872975, 558450552, 844452, 1062256]",177291.94
"[0.0, 47.7]","[5.42, 31.1, 2.35]","[399874854, 558452333, 844470, 1062275]",177292.95
"[0.0, 48.3]","[5.42, 31.1, 2.35]","[399876130, 558453541, 844483, 1062289]",177293.95
"[0.3, 47.7]","[5.42, 31.1, 2.35]","[399880381, 558457123, 844527, 1062333]",177294.96
"[0.3, 47.7]","[5.42, 31.1, 2.35]","[399884165, 558460428, 844565, 1062372]",177295.96
"[0.5, 47.7]","[5.42, 31.1, 2.35]","[399889701, 558463898, 844621, 1062421]",177296.97
"[0.3, 48.8]","[5.42, 31.1, 2.35]","[399891320, 558465559, 844637, 1062439]",177297.97
"[0.7, 48.8]","[5.42, 31.1, 2.35]","[399892594, 558467197, 844650, 1062454]",177298.97
"[0.3, 48.3]","[5.42, 31.1, 2.35]","[399897486, 558470333, 844700, 1062498]",177299.98
"[0.5, 49.9]","[5.42, 31.1, 2.35]","[399901140, 558473271, 844737, 1062535]",177300.98
"[0.0, 48.8]","[5.42, 31.1, 2.35]","[399906254, 558476667, 844789, 1062584]",177301.99
"[0.2, 48.3]","[5.42, 31.1, 2.35]","[399907886, 558478333, 844805, 1062602]",177302.99
"[0.0, 48.8]","[5.42, 31.1, 2.35]","[399909294, 558479623, 844819, 1062616]",177304.00
"[0.2, 47.7]","[5.42, 31.1, 2.35]","[399914057, 558483112, 844868, 1062661]",177305.00
"[0.3, 48.3]","[5.42, 31.1, 2.35]","[399917721, 558486052, 844905, 1062698]",177306.00
"[1.5, 48.8]","[5.42, 31.1, 2.35]","[399923027, 558489568, 844959, 1062748]",177307.01
"[0.3, 49.4]","[5.42, 31.1, 2.35]","[399924776, 558491229, 844976, 1062766]",177308.01
"[0.5, 47.7]","[5.42, 31.1, 2.35]","[399926637, 558493218, 844995, 1062786]",177309.12
"[0.2, 48.3]","[5.42, 31.1, 2.35]","[399931108, 558496161, 845041, 1062827]",177310.12
"[0.5, 47.2]","[5.42, 31.1, 2.35]","[399934892, 558499139, 845079, 1062865]",177311.12
"[0.3, 48.3]","[5.42, 31.1, 2.35]","[399939830, 558502865, 845128, 1062913]",177312.13
"[0.0, 48.8]","[5.42, 31.1, 2.35]","[399941157, 558503860, 845141, 1062926]",177313.13
"[0.3, 47.7]","[5.42, 31.1, 2.35]","[399943149, 558505970, 845161, 1062947]",177314.14
"[0.3, 47.7]","[5.42, 31.1, 2.35]","[399947618, 558508871, 845207, 1062989]",177315.14
"[0.0, 48.3]","[5.42, 31.1, 2.35]","[399951281, 558511810, 845244, 1063026]",177316.14
"[0.3, 48.3]","[5.42, 31.1, 2.35]","[399956395, 558515166, 845296, 1063074]",177317.15
"[0.3, 47.7]","[5.42, 31.1, 2.35]","[399957852, 558516753, 845310, 1063090]",177318.15
"[1.5, 47.2]","[5.42, 31.1, 2.35]","[399964810, 558523626, 845369, 1063149]",177319.16
"[2.0, 47.7]","[5.42, 31.1, 2.35]","[399975991, 558532346, 845448, 1063224]",177320.16
"[1.2, 49.4]","[5.42, 31.1, 2.35]","[399986743, 558542990, 845543, 1063316]",177321.17
"[1.5, 48.3]","[5.41, 31.2, 2.35]","[399999078, 558553900, 845638, 1063409]",177322.17
"[1.8, 49.4]","[5.41, 31.2, 2.35]","[400010086, 558564636, 845728, 1063499]",177323.18
"[34.2, 50.5]","[5.32, 32.3, 2.44]","[400026651, 558581445, 845836, 1063607]",177324.18
"[1.5, 49.9]","[5.32, 32.3, 2.44]","[400035047, 558588863, 845910, 1063681]",177325.18
"[0.3, 49.9]","[5.32, 32.3, 2.44]","[400048641, 558600371, 846010, 1063778]",177326.19
"[0.5, 49.4]","[5.32, 32.3, 2.44]","[400058349, 558608623, 846095, 1063862]",177327.19
"[0.5, 50.5]","[5.32, 32.3, 2.44]","[400063403, 558613169, 846137, 1063901]",177328.19
"[1.7, 49.4]","[5.32, 32.3, 2.44]","[400068577, 558618017, 846183, 1063943]",177329.20
"[1.3, 49.9]","[5.32, 32.3, 2.44]","[400079151, 558627005, 846273, 1064029]",177330.20
"[0.5, 48.8]","[5.33, 32.3, 2.44]","[400087703, 558634611, 846352, 1064108]",177331.21
"[2.2, 49.4]","[5.33, 32.2, 2.43]","[400095823, 558641319, 846425, 1064179]",177332.21
"[1.3, 48.8]","[5.34, 32.2, 2.43]","[400102549, 558647403, 846484, 1064237]",177333.22
"[0.3, 49.4]","[5.34, 32.1, 2.43]","[400110358, 558655026, 846556, 1064309]",177334.22
"[0.8, 49.4]","[5.34, 32.1, 2.43]","[400133325, 558661939, 846640, 1064382]",177335.22
"[2.5, 48.8]","[5.34, 32.1, 2.43]","[400275680, 558677598, 846830, 1064554]",177336.23
"[1.5, 49.4]","[5.33, 32.2, 2.44]","[400295829, 558695335, 846957, 1064681]",177337.23
"[0.5, 48.8]","[5.33, 32.2, 2.43]","[400300151, 558699737, 846996, 1064720]",177338.24
"[1.5, 48.8]","[5.33, 32.2, 2.43]","[400305251, 558704185, 847042, 1064762]",177339.24
"[0.5, 48.8]","[5.33, 32.2, 2.43]","[400312857, 558710189, 847112, 1064827]",177340.24
"[0.7, 48.8]","[5.33, 32.2, 2.43]","[400320040, 558716402, 847180, 1064894]",177341.25
"[2.0, 48.8]","[5.33, 32.2, 2.43]","[400341292, 558736157, 847307, 1065020]",177342.30
"[0.5, 47.7]","[5.33, 32.2, 2.43]","[400346442, 558740831, 847354, 1065066]",177343.31
"[0.5, 48.3]","[5.33, 32.2, 2.43]","[400351756, 558746182, 847403, 1065114]",177344.31
"[0.3, 49.4]","[5.33, 32.2, 2.43]","[400359808, 558753079, 847477, 1065187]",177345.32
"[1.0, 48.8]","[5.33, 32.2, 2.43]","[400367430, 558759001, 847548, 1065253]",177346.32
"[1.5, 47.7]","[5.33, 32.2, 2.44]","[400374688, 558765217, 847616, 1065320]",177347.33
"[1.2, 48.8]","[5.33, 32.2, 2.43]","[400379381, 558769990, 847659, 1065362]",177348.34
"[0.7, 47.7]","[5.33, 32.2, 2.43]","[400384776, 558774531, 847708, 1065407]",177349.34
"[0.5, 49.4]","[5.33, 32.2, 2.43]","[400392211, 558780838, 847775, 1065474]",177350.35
"[1.3, 48.8]","[5.33, 32.2, 2.43]","[400399497, 558787026, 847842, 1065539]",177351.35
"[0.3, 49.9]","[5.33, 32.2, 2.43]","[400406918, 558792841, 847910, 1065602]",177352.35
"[0.5, 49.9]","[5.33, 32.2, 2.43]","[400411554, 558797489, 847951, 1065642]",177353.36
"[1.0, 48.3]","[5.33, 32.2, 2.44]","[400417103, 558802064, 848002, 1065687]",177354.36
"[0.5, 48.8]","[5.33, 32.2, 2.43]","[400424228, 558808283, 848067, 1065753]",177355.37
"[2.3, 48.3]","[5.33, 32.2, 2.44]","[400431930, 558814235, 848140, 1065819]",177356.37
"[0.5, 48.8]","[5.33, 32.2, 2.43]","[400439594, 558820595, 848211, 1065887]",177357.38
"[1.2, 48.3]","[5.33, 32.2, 2.43]","[400461573, 558842148, 848355, 1066043]",177358.38
"[0.8, 47.2]","[5.33, 32.2, 2.43]","[400477065, 558855318, 848449, 1066136]",177359.39
"[0.7, 48.3]","[5.33, 32.2, 2.43]","[400484301, 558861454, 848513, 1066199]",177360.39
"[0.5, 48.3]","[5.33, 32.2, 2.43]","[400493767, 558869704, 848594, 1066278]",177361.39
"[0.5, 48.3]","[5.33, 32.2, 2.43]","[400501506, 558875949, 848660, 1066342]",177362.40
"[0.5, 47.7]","[5.33, 32.2, 2.43]","[400507076, 558881615, 848709, 1066392]",177363.40
"[0.3, 48.3]","[5.33, 32.2, 2.43]","[400514020, 558887779, 848773, 1066453]",177364.41
"[0.7, 48.8]","[5.33, 32.2, 2.43]","[400520866, 558893327, 848834, 1066513]",177365.41
"[1.0, 47.7]","[5.33, 32.2, 2.43]","[400530762, 558901775, 848921, 1066597]",177366.42
"[0.5, 48.3]","[5.33, 32.2, 2.43]","[400538332, 558907603, 848987, 1066658]",177367.42
"[0.3, 47.7]","[5.33, 32.2, 2.43]","[400546355, 558915356, 849053, 1066722]",177368.42
"[1.2, 48.3]","[5.33, 32.2, 2.43]","[400563923, 558931690, 849146, 1066816]",177369.43
"[2.2, 48.8]","[5.33, 32.2, 2.44]","[400583811, 558949566, 849253, 1066926]",177370.43
"[2.5, 49.4]","[5.33, 32.2, 2.44]","[400595567, 558959556, 849352, 1067019]",177371.44
"[2.3, 48.3]","[5.33, 32.2, 2.44]","[400626947, 558974666, 849467, 1067123]",177372.44
"[2.2, 48.8]","[5.33, 32.2, 2.44]","[400645566, 558992603, 849596, 1067252]",177373.45
"[12.5, 48.8]","[5.33, 32.2, 2.44]","[400678323, 559023184, 849779, 1067441]",177374.45
"[1.5, 49.9]","[5.36, 31.8, 2.41]","[400692261, 559036150, 849885, 1067544]",177375.45
"[2.0, 52.1]","[5.36, 31.8, 2.41]","[400706897, 559048912, 849970, 1067624]",177376.46
"[19.5, 50.5]","[5.33, 32.2, 2.44]","[400723821, 559066077, 850101, 1067754]",177377.46
"[10.8, 49.9]","[5.31, 32.4, 2.45]","[400734004, 559075176, 850181, 1067833]",177378.47
"[1.0, 50.5]","[5.31, 32.4, 2.45]","[400742564, 559083308, 850252, 1067904]",177379.47
"[2.8, 50.5]","[5.31, 32.4, 2.46]","[400760586, 559101133, 850379, 1068033]",177380.47
"[1.7, 49.9]","[5.31, 32.4, 2.46]","[400777829, 559118635, 850502, 1068157]",177381.48
"[1.0, 49.4]","[5.31, 32.4, 2.46]","[400785460, 559124598, 850572, 1068221]",177382.48
"[0.8, 49.9]","[5.31, 32.4, 2.46]","[400791025, 559130247, 850622, 1068272]",177383.49
"[2.0, 49.9]","[5.31, 32.5, 2.46]","[400797691, 559136129, 850678, 1068329]",177384.49
"[20.1, 52.7]","[5.31, 32.5, 2.46]","[400815051, 559151709, 850782, 1068435]",177385.50
"[26.1, 51.0]","[5.31, 32.5, 2.46]","[400844307, 559175259, 850928, 1068580]",177386.50
"[6.2, 50.5]","[5.31, 32.5, 2.46]","[400862902, 559188371, 851015, 1068659]",177387.51
"[1.0, 51.0]","[5.31, 32.5, 2.46]","[400867873, 559193555, 851061, 1068705]",177388.51
"[1.0, 50.5]","[5.31, 32.5, 2.46]","[400873363, 559198547, 851110, 1068751]",177389.51
"[0.5, 50.5]","[5.31, 32.5, 2.46]","[400881042, 559204940, 851184, 1068821]",177390.54
"[1.0, 50.5]","[5.31, 32.5, 2.46]","[400890817, 559213251, 851267, 1068900]",177391.55
"[19.3, 50.5]","[5.31, 32.5, 2.46]","[400919115, 559234036, 851403, 1069038]",177392.55
"[6.8, 50.5]","[5.3, 32.6, 2.47]","[400957345, 559260280, 851586, 1069219]",177393.55
"[18.4, 52.7]","[5.29, 32.7, 2.47]","[401081254, 559293463, 851846, 1069464]",177394.56
"[8.3, 52.1]","[5.29, 32.7, 2.48]","[401124608, 559324190, 852059, 1069674]",177395.66
"[5.5, 51.6]","[5.29, 32.7, 2.48]","[401143849, 559342261, 852204, 1069816]",177396.67
"[2.0, 50.5]","[5.29, 32.7, 2.48]","[401162162, 559356720, 852295, 1069904]",177397.67
"[1.0, 50.5]","[5.32, 32.4, 2.45]","[401174460, 559369482, 852386, 1069997]",177398.67
"[29.8, 51.6]","[5.28, 32.9, 2.49]","[401192195, 559388174, 852510, 1070114]",177399.68
"[2.7, 51.6]","[5.27, 33.0, 2.5]","[401209898, 559406557, 852641, 1070250]",177400.68
"[0.8, 51.6]","[5.27, 33.0, 2.5]","[401260069, 559425133, 852795, 1070390]",177401.69
"[1.5, 51.6]","[5.27, 33.0, 2.5]","[401299112, 559444490, 852925, 1070535]",177402.69
"[3.3, 51.6]","[5.27, 33.0, 2.5]","[401351987, 559505909, 853226, 1070853]",177403.69
"[1.7, 51.0]","[5.27, 33.0, 2.5]","[401364868, 559517324, 853324, 1070948]",177404.70
"[1.8, 49.9]","[5.27, 33.0, 2.5]","[401385073, 559535871, 853460, 1071093]",177405.70
"[0.8, 50.5]","[5.28, 32.8, 2.49]","[401394619, 559543041, 853544, 1071170]",177406.71
"[2.0, 51.0]","[5.29, 32.7, 2.48]","[401403883, 559551599, 853624, 1071249]",177407.71
"[2.8, 50.5]","[5.3, 32.7, 2.47]","[401440350, 559560990, 853724, 1071337]",177408.71
"[2.3, 49.4]","[5.3, 32.7, 2.47]","[401509793, 559582355, 853910, 1071519]",177409.72
"[2.7, 49.9]","[5.3, 32.6, 2.47]","[401541686, 559597245, 854040, 1071651]",177410.72
"[1.0, 50.5]","[5.3, 32.6, 2.47]","[401555891, 559608674, 854147, 1071756]",177411.73
"[3.5, 51.0]","[5.3, 32.6, 2.47]","[401703625, 559687681, 854262, 1071836]",177412.73
"[0.5, 49.4]","[5.3, 32.6, 2.47]","[401709588, 559693172, 854305, 1071880]",177413.74
"[0.5, 49.9]","[5.3, 32.6, 2.47]","[401716790, 559698722, 854373, 1071940]",177414.74
"[0.5, 49.9]","[5.3, 32.6, 2.47]","[401723677, 559704737, 854438, 1072004]",177415.75
"[1.5, 50.5]","[5.3, 32.6, 2.47]","[401730958, 559711010, 854502, 1072069]",177416.75
"[0.8, 51.6]","[5.3, 32.6, 2.47]","[401736458, 559715624, 854550, 1072114]",177417.75
"[0.5, 49.4]","[5.3, 32.6, 2.47]","[401741466, 559720020, 854595, 1072155]",177418.76
"[0.5, 49.9]","[5.3, 32.6, 2.47]","[401748456, 559725994, 854661, 1072217]",177419.76
"[2.2, 49.9]","[5.3, 32.6, 2.47]","[401755279, 559731787, 854722, 1072274]",177420.77
"[1.5, 49.9]","[5.3, 32.6, 2.47]","[401763475, 559738087, 854796, 1072345]",177421.87
"[1.8, 51.0]","[5.3, 32.7, 2.47]","[401768405, 559742545, 854839, 1072386]",177422.87
"[0.5, 48.3]","[5.3, 32.7, 2.47]","[401773344, 559747482, 854884, 1072430]",177423.88
"[0.3, 49.4]","[5.3, 32.7, 2.47]","[401781147, 559753445, 854958, 1072496]",177424.88
"[0.5, 49.4]","[5.3, 32.6, 2.47]","[401787816, 559759228, 855017, 1072554]",177425.89
"[0.5, 48.8]","[5.3, 32.6, 2.47]","[401795734, 559765910, 855091, 1072626]",177426.89
"[6.8, 50.5]","[5.29, 32.7, 2.47]","[401839560, 559835886, 855214, 1072745]",177427.90
"[0.3, 49.9]","[5.29, 32.7, 2.47]","[401903314, 559849827, 855307, 1072819]",177428.90
"[0.8, 49.4]","[5.29, 32.7, 2.47]","[401912800, 559878593, 855402, 1072909]",177429.90
"[1.0, 51.0]","[5.29, 32.7, 2.47]","[401924010, 559986182, 855525, 1073071]",177430.91
"[0.8, 51.0]","[5.29, 32.7, 2.47]","[401946337, 560063770, 855639, 1073217]",177431.91
"[0.5, 50.5]","[5.29, 32.7, 2.47]","[401954349, 560134863, 855724, 1073324]",177432.92
"[7.8, 51.0]","[5.28, 32.8, 2.48]","[402072546, 560217133, 855877, 1073451]",177433.92
"[0.5, 51.0]","[5.28, 32.8, 2.48]","[402148233, 560225590, 855991, 1073553]",177434.92
"[1.7, 51.0]","[5.28, 32.8, 2.48]","[402166257, 560237794, 856070, 1073627]",177435.93
"[0.7, 51.0]","[5.28, 32.8, 2.48]","[402174477, 560244564, 856147, 1073700]",177436.93
"[2.0, 52.1]","[5.28, 32.8, 2.49]","[402187986, 560265775, 856234, 1073779]",177437.93
"[1.3, 49.9]","[5.28, 32.9, 2.49]","[402196449, 560286334, 856303, 1073847]",177438.94
"[1.5, 50.5]","[5.28, 32.9, 2.49]","[402208526, 560318393, 856403, 1073954]",177439.94
"[1.8, 50.5]","[5.28, 32.9, 2.49]","[402235742, 560385872, 856593, 1074155]",177441.04
"[2.0, 50.5]","[5.27, 32.9, 2.49]","[402256451, 560446259, 856767, 1074339]",177442.04
"[8.4, 49.4]","[5.27, 33.0, 2.5]","[402292808, 560483767, 856980, 1074558]",177443.05
"[2.3, 51.0]","[5.27, 33.0, 2.5]","[402326487, 560526429, 857170, 1074759]",177444.06
"[2.8, 52.1]","[5.27, 33.0, 2.5]","[402350843, 560547702, 857288, 1074876]",177445.06
"[4.0, 51.6]","[5.27, 33.0, 2.5]","[402390340, 560617445, 857538, 1075145]",177446.16
"[5.0, 51.6]","[5.27, 33.0, 2.5]","[402431462, 560679073, 857781, 1075414]",177447.17
"[3.5, 49.9]","[5.27, 33.0, 2.5]","[402462474, 560740221, 857991, 1075641]",177448.17
"[4.5, 50.5]","[5.27, 33.0, 2.5]","[402494412, 560785727, 858202, 1075871]",177449.17
"[1.0, 51.0]","[5.27, 33.0, 2.5]","[402504371, 560795014, 858285, 1075957]",177450.18
"[1.0, 51.6]","[5.27, 33.0, 2.5]","[402516638, 560823045, 858385, 1076069]",177451.18
"[3.5, 50.5]","[5.27, 33.0, 2.5]","[402543943, 560891552, 858550, 1076255]",177452.19
"[2.0, 49.9]","[5.27, 33.0, 2.5]","[402563596, 560949197, 858700, 1076430]",177453.19
"[4.3, 49.9]","[5.27, 33.0, 2.5]","[402626237, 561074546, 858884, 1076650]",177454.20
"[1.0, 51.0]","[5.27, 33.0, 2.5]","[402646335, 561094028, 859029, 1076797]",177455.20
"[2.2, 49.9]","[5.27, 33.0, 2.5]","[402656166, 561103226, 859110, 1076875]",177456.20
"[1.3, 50.5]","[5.27, 33.0, 2.5]","[402680115, 561119645, 859214, 1076976]",177457.21
"[0.0, 50.5]","[5.27, 33.0, 2.5]","[402684898, 561124004, 859244, 1077007]",177458.21
"[0.3, 51.0]","[5.27, 33.0, 2.5]","[402689504, 561128432, 859283, 1077043]",177459.22
"[0.8, 51.0]","[5.27, 33.0, 2.5]","[402696582, 561133836, 859342, 1077099]",177460.22
"[1.0, 50.5]","[5.27, 33.0, 2.5]","[402702582, 561138726, 859395, 1077152]",177461.23
"[1.0, 50.5]","[5.27, 33.0, 2.5]","[402713778, 561148274, 859491, 1077243]",177462.23
"[0.5, 49.9]","[5.27, 33.0, 2.5]","[402718263, 561152759, 859530, 1077281]",177463.24
"[0.3, 50.5]","[5.27, 33.0, 2.5]","[402722625, 561156449, 859567, 1077315]",177464.24
"[0.7, 49.4]","[5.27, 33.0, 2.5]","[402729568, 561162260, 859628, 1077374]",177465.24
"[0.0, 50.5]","[5.27, 33.0, 2.5]","[402736343, 561168069, 859691, 1077435]",177466.25
"[1.8, 50.5]","[5.27, 33.0, 2.5]","[402747052, 561176770, 859780, 1077519]",177467.25
"[0.7, 50.5]","[5.27, 33.0, 2.5]","[402752085, 561181219, 859810, 1077549]",177468.26
"[3.0, 51.6]","[5.27, 33.0, 2.5]","[402759197, 561187299, 859860, 1077597]",177469.26
"[0.8, 51.6]","[5.27, 33.0, 2.5]","[402774450, 561207072, 859949, 1077682]",177470.27
"[1.8, 52.1]","[5.27, 33.0, 2.5]","[402784527, 561215855, 860029, 1077761]",177471.27
"[1.7, 49.9]","[5.27, 33.0, 2.5]","[402812775, 561242159, 860229, 1077967]",177472.27
"[0.5, 51.6]","[5.27, 33.0, 2.5]","[402823408, 561250496, 860283, 1078023]",177473.28
"[0.5, 52.1]","[5.27, 33.0, 2.5]","[402828605, 561255205, 860325, 1078064]",177474.28
"[0.8, 51.0]","[5.27, 33.0, 2.5]","[402836647, 561262223, 860397, 1078136]",177475.29
"[0.7, 49.9]","[5.27, 33.0, 2.5]","[402844057, 561268507, 860464, 1078201]",177476.29
"[1.7, 50.5]","[5.27, 33.0, 2.5]","[402854811, 561277535, 860551, 1078286]",177477.29
"[0.8, 51.0]","[5.27, 33.0, 2.5]","[402871035, 561292789, 860662, 1078398]",177478.30
"[0.0, 49.9]","[5.27, 33.0, 2.5]","[402877735, 561298609, 860703, 1078439]",177479.30
"[0.5, 50.5]","[5.3, 32.6, 2.47]","[402892674, 561310422, 860822, 1078551]",177480.31
"[1.0, 49.9]","[5.3, 32.6, 2.47]","[402909025, 561324467, 860947, 1078677]",177481.31
"[2.0, 49.4]","[5.3, 32.6, 2.47]","[402922741, 561336969, 861053, 1078787]",177482.32
"[0.8, 48.8]","[5.3, 32.6, 2.47]","[402931798, 561344882, 861132, 1078862]",177483.32
"[0.5, 49.4]","[5.3, 32.6, 2.47]","[402940898, 561353226, 861210, 1078940]",177484.33
"[1.0, 49.9]","[5.3, 32.6, 2.47]","[402954267, 561364271, 861319, 1079046]",177485.33
"[12.8, 51.0]","[5.26, 33.1, 2.5]","[402968264, 561396035, 861419, 1079148]",177486.34
"[16.3, 51.0]","[5.26, 33.1, 2.51]","[403002016, 561598650, 861659, 1079444]",177487.34
"[38.6, 53.2]","[5.27, 32.9, 2.5]","[403022636, 561617380, 861761, 1079549]",177488.35
"[45.6, 53.2]","[5.24, 33.4, 2.53]","[403033736, 561626594, 861832, 1079616]",177489.35
"[0.7, 52.7]","[5.24, 33.4, 2.53]","[403043793, 561634807, 861914, 1079696]",177490.36
"[30.2, 55.4]","[5.28, 32.8, 2.49]","[403051468, 561641496, 861981, 1079763]",177491.36
"[2.0, 53.2]","[5.29, 32.8, 2.48]","[403064053, 561652455, 862067, 1079847]",177492.36
"[0.3, 52.1]","[5.29, 32.8, 2.48]","[403068790, 561656921, 862101, 1079881]",177493.37
"[0.3, 53.2]","[5.29, 32.8, 2.48]","[403074001, 561661747, 862146, 1079923]",177494.37
"[0.7, 53.2]","[5.29, 32.8, 2.48]","[403081736, 561667968, 862208, 1079983]",177495.37
"[1.0, 51.0]","[5.29, 32.7, 2.48]","[403089018, 561673454, 862268, 1080039]",177496.38
"[14.4, 52.7]","[5.3, 32.6, 2.47]","[403100031, 561682375, 862337, 1080108]",177497.38
"[9.0, 52.1]","[5.3, 32.6, 2.47]","[403104567, 561686197, 862368, 1080136]",177498.39
"[0.5, 52.7]","[5.3, 32.6, 2.47]","[403111363, 561691727, 862417, 1080182]",177499.49
"[0.5, 52.1]","[5.3, 32.6, 2.47]","[403118465, 561697199, 862476, 1080239]",177500.49
"[2.5, 53.8]","[5.3, 32.6, 2.47]","[403143303, 561719875, 862609, 1080369]",177501.59
"[43.0, 54.9]","[5.28, 32.8, 2.49]","[403163490, 561737618, 862739, 1080501]",177502.60
"[8.6, 53.8]","[5.27, 32.9, 2.5]","[403180566, 561753616, 862860, 1080626]",177503.61
"[1.2, 54.3]","[5.27, 33.0, 2.5]","[403193174, 561764925, 862922, 1080682]",177504.61
"[0.5, 53.8]","[5.27, 33.0, 2.5]","[403205519, 561778746, 863005, 1080768]",177505.61
"[15.8, 54.3]","[5.27, 33.0, 2.5]","[403230515, 561798571, 863156, 1080918]",177506.62
"[5.2, 53.2]","[5.26, 33.1, 2.5]","[403258816, 561826101, 863329, 1081087]",177507.62
"[4.8, 52.1]","[5.26, 33.1, 2.51]","[403266940, 561833436, 863377, 1081133]",177508.63
"[1.5, 52.1]","[5.26, 33.1, 2.51]","[403279127, 561844400, 863440, 1081190]",177509.63
"[0.5, 53.2]","[5.26, 33.1, 2.51]","[403286428, 561850471, 863499, 1081250]",177510.63
"[1.5, 52.1]","[5.26, 33.1, 2.51]","[403298925, 561861016, 863580, 1081331]",177511.64
"[0.5, 53.2]","[5.26, 33.1, 2.51]","[403306144, 561866875, 863635, 1081386]",177512.64
"[0.3, 52.7]","[5.26, 33.1, 2.51]","[403311939, 561871568, 863672, 1081421]",177513.65
"[0.8, 51.6]","[5.26, 33.1, 2.51]","[403319841, 561878216, 863735, 1081481]",177514.65
"[0.8, 52.1]","[5.26, 33.1, 2.51]","[403331998, 561888537, 863818, 1081563]",177515.65
"[1.8, 51.0]","[5.26, 33.1, 2.51]","[403342081, 561896736, 863901, 1081641]",177516.66
"[0.7, 50.5]","[5.26, 33.1, 2.51]","[403351425, 561904686, 863970, 1081710]",177517.66
"[0.8, 51.6]","[5.27, 33.0, 2.5]","[403356947, 561909722, 864007, 1081747]",177518.67
"[1.0, 51.6]","[5.27, 33.0, 2.5]","[403367447, 561917462, 864083, 1081814]",177519.67
"[3.3, 51.0]","[5.27, 33.0, 2.5]","[403388649, 561941820, 864209, 1081938]",177520.68
"[2.0, 50.5]","[5.27, 33.0, 2.5]","[403435866, 561952475, 864313, 1082034]",177521.68
"[3.0, 52.1]","[5.27, 33.0, 2.5]","[403454206, 561968641, 864413, 1082128]",177522.69
"[0.8, 52.1]","[5.27, 33.0, 2.5]","[403482447, 561982277, 864491, 1082203]",177523.70
"[0.7, 51.6]","[5.27, 33.0, 2.5]","[403491331, 561990203, 864560, 1082270]",177524.70
"[2.2, 51.6]","[5.27, 33.0, 2.5]","[403508794, 562004719, 864675, 1082380]",177525.70
"[1.3, 52.7]","[5.27, 33.0, 2.5]","[403532886, 562025781, 864831, 1082533]",177526.70
"[0.8, 51.6]","[5.27, 33.0, 2.5]","[403544950, 562036149, 864899, 1082601]",177527.71
"[0.8, 49.9]","[5.27, 33.0, 2.5]","[403560527, 562049792, 865000, 1082703]",177528.71
"[0.5, 51.0]","[5.27, 33.0, 2.5]","[403570203, 562056990, 865067, 1082767]",177529.72
"[0.5, 50.5]","[5.27, 33.0, 2.5]","[403581653, 562066124, 865146, 1082843]",177530.72
"[20.5, 51.6]","[5.26, 33.2, 2.51]","[403597204, 562079153, 865253, 1082947]",177531.73
"[1.5, 52.1]","[5.29, 32.7, 2.47]","[403611908, 562092771, 865344, 1083040]",177532.73
"[0.8, 52.7]","[5.29, 32.7, 2.47]","[403620105, 562100416, 865403, 1083101]",177533.73
"[28.4, 52.7]","[5.22, 33.6, 2.55]","[403639022, 562120957, 865524, 1083219]",177534.74
"[2.5, 52.1]","[5.22, 33.6, 2.55]","[403651820, 562135205, 865611, 1083297]",177535.74
"[2.5, 52.7]","[5.22, 33.6, 2.55]","[403661291, 562143716, 865695, 1083378]",177536.75
"[8.0, 51.6]","[5.26, 33.1, 2.51]","[403672988, 562154591, 865778, 1083464]",177537.75
"[15.0, 53.2]","[5.3, 32.6, 2.47]","[403684338, 562165763, 865853, 1083546]",177538.75
"[1.3, 51.6]","[5.3, 32.6, 2.47]","[403702664, 562184003, 865977, 1083673]",177539.76
"[1.0, 53.2]","[5.3, 32.6, 2.47]","[403747100, 562203071, 866117, 1083809]",177540.81
"[0.5, 53.2]","[5.3, 32.6, 2.47]","[403760808, 562215814, 866230, 1083923]",177541.81
"[0.8, 53.2]","[5.3, 32.6, 2.47]","[403769724, 562223821, 866303, 1083994]",177542.82
"[1.3, 52.7]","[5.3, 32.6, 2.47]","[403777528, 562231483, 866371, 1084062]",177543.82
"[0.8, 52.7]","[5.3, 32.6, 2.47]","[403787497, 562240314, 866459, 1084146]",177544.83
"[1.0, 51.0]","[5.3, 32.6, 2.47]","[403798812, 562250061, 866551, 1084238]",177545.83
"[0.8, 51.6]","[5.3, 32.6, 2.47]","[403807902, 562257881, 866634, 1084321]",177546.83
"[0.7, 51.0]","[5.3, 32.6, 2.47]","[403814295, 562263658, 866689, 1084374]",177547.84
"[23.5, 53.2]","[5.3, 32.6, 2.47]","[403822285, 562270988, 866759, 1084442]",177548.84
"[31.7, 53.2]","[5.31, 32.4, 2.45]","[403829288, 562276975, 866820, 1084501]",177549.84
"[1.0, 52.7]","[5.33, 32.3, 2.44]","[403836232, 562282997, 866885, 1084564]",177550.85
"[1.2, 52.1]","[5.33, 32.3, 2.44]","[403848953, 562293726, 866996, 1084671]",177551.85
"[2.8, 53.2]","[5.33, 32.3, 2.44]","[403869080, 562312361, 867120, 1084792]",177552.86
"[1.0, 52.1]","[5.33, 32.3, 2.44]","[403875177, 562318279, 867170, 1084844]",177553.86
"[0.5, 52.1]","[5.33, 32.3, 2.44]","[403882537, 562324469, 867239, 1084909]",177554.87
"[0.5, 52.1]","[5.33, 32.3, 2.44]","[403889508, 562329960, 867305, 1084969]",177555.87
"[0.8, 50.5]","[5.33, 32.3, 2.44]","[403897754, 562336650, 867383, 1085040]",177556.88
"[0.5, 52.1]","[5.33, 32.3, 2.44]","[403902937, 562341477, 867430, 1085085]",177557.88
"[2.0, 52.1]","[5.33, 32.3, 2.44]","[403907876, 562345876, 867473, 1085126]",177558.88
"[0.5, 51.0]","[5.33, 32.3, 2.44]","[403915558, 562352296, 867546, 1085194]",177559.89
"[0.8, 52.1]","[5.33, 32.3, 2.44]","[403921911, 562357765, 867605, 1085251]",177560.89
"[0.3, 51.0]","[5.33, 32.3, 2.44]","[403929084, 562363290, 867672, 1085313]",177561.90
"[2.2, 51.6]","[5.33, 32.3, 2.44]","[403937835, 562371389, 867736, 1085375]",177563.00
"[0.5, 51.6]","[5.33, 32.3, 2.44]","[403941835, 562375497, 867770, 1085408]",177564.00
"[0.5, 49.9]","[5.33, 32.3, 2.44]","[403948953, 562380913, 867838, 1085469]",177565.01
"[2.8, 51.0]","[5.33, 32.2, 2.43]","[403973574, 562403752, 867961, 1085597]",177566.01
"[1.7, 50.5]","[5.33, 32.2, 2.44]","[403988799, 562416707, 868078, 1085710]",177567.02
"[4.5, 52.1]","[5.33, 32.2, 2.44]","[404008023, 562435006, 868204, 1085836]",177568.02
"[4.3, 50.5]","[5.33, 32.2, 2.44]","[404028332, 562451504, 868298, 1085921]",177569.03
"[11.6, 53.2]","[5.32, 32.3, 2.45]","[404072881, 562486421, 868519, 1086146]",177570.03
"[0.8, 51.6]","[5.32, 32.3, 2.45]","[404080292, 562493040, 868580, 1086207]",177571.03
"[1.3, 52.7]","[5.32, 32.3, 2.45]","[404088656, 562499468, 868660, 1086279]",177572.04
"[1.5, 52.1]","[5.32, 32.3, 2.45]","[404101508, 562513418, 868730, 1086346]",177573.04
"[0.5, 51.6]","[5.32, 32.3, 2.45]","[404106259, 562518120, 868773, 1086387]",177574.05
"[1.0, 50.5]","[5.32, 32.3, 2.45]","[404112971, 562523306, 868837, 1086445]",177575.05
"[0.5, 50.5]","[5.32, 32.3, 2.45]","[404118861, 562528526, 868889, 1086498]",177576.06
"[0.7, 49.9]","[5.32, 32.3, 2.45]","[404126328, 562534665, 868956, 1086562]",177577.06
"[1.7, 51.0]","[5.32, 32.3, 2.45]","[404134271, 562541664, 869018, 1086620]",177578.06
"[12.4, 53.2]","[5.32, 32.4, 2.45]","[404173029, 562626625, 869099, 1086722]",177579.07
"[6.0, 51.6]","[5.31, 32.4, 2.45]","[404239044, 562643400, 869230, 1086845]",177580.08
"[0.5, 51.6]","[5.31, 32.4, 2.45]","[404248653, 562684925, 869326, 1086938]",177581.08
"[1.5, 53.2]","[5.31, 32.4, 2.45]","[404257693, 562752295, 869416, 1087060]",177582.09
"[2.2, 51.0]","[5.31, 32.4, 2.46]","[404268390, 562844299, 869514, 1087202]",177583.09
"[0.8, 52.1]","[5.31, 32.4, 2.45]","[404287604, 562906411, 869581, 1087298]",177584.09
"[13.9, 53.2]","[5.3, 32.6, 2.47]","[404386241, 563018123, 869765, 1087514]",177585.10
"[2.0, 51.6]","[5.3, 32.6, 2.47]","[404464806, 563032149, 869879, 1087600]",177586.10
"[2.2, 52.7]","[5.3, 32.6, 2.47]","[404524690, 563045764, 869993, 1087701]",177587.11
"[0.3, 52.7]","[5.3, 32.6, 2.47]","[404568358, 563051470, 870060, 1087756]",177588.11
"[0.7, 52.1]","[5.3, 32.6, 2.47]","[404573409, 563056213, 870101, 1087795]",177589.12
"[0.3, 53.8]","[5.3, 32.6, 2.47]","[404580501, 563062085, 870166, 1087856]",177590.12
"[2.0, 50.5]","[5.3, 32.6, 2.47]","[404592501, 563088220, 870259, 1087945]",177591.13
"[12.0, 52.7]","[5.29, 32.7, 2.48]","[404625290, 563153776, 870440, 1088138]",177592.13
"[8.7, 53.8]","[5.28, 32.9, 2.49]","[404663799, 563228342, 870662, 1088387]",177593.14
"[4.3, 53.2]","[5.27, 32.9, 2.5]","[404694008, 563296503, 870819, 1088565]",177594.14
"[6.5, 52.7]","[5.27, 33.0, 2.5]","[404748320, 563388574, 871149, 1088926]",177595.14
"[18.9, 53.2]","[5.27, 33.0, 2.5]","[404806208, 563471420, 871403, 1089198]",177596.15
"[3.5, 51.6]","[5.27, 33.0, 2.5]","[404826229, 563532487, 871566, 1089379]",177597.15
"[3.8, 51.0]","[5.27, 33.0, 2.5]","[404848728, 563591416, 871720, 1089551]",177598.16
"[2.0, 51.6]","[5.27, 33.0, 2.5]","[404891129, 563691308, 871844, 1089701]",177599.16
"[0.0, 52.1]","[5.27, 33.0, 2.5]","[404898409, 563698245, 871904, 1089762]",177600.17
"[3.0, 51.6]","[5.27, 33.0, 2.5]","[404911728, 563709334, 871985, 1089837]",177601.17
"[2.5, 52.1]","[5.27, 33.0, 2.5]","[404929891, 563727447, 872099, 1089944]",177602.18
"[2.0, 51.0]","[5.27, 33.0, 2.5]","[404939992, 563736892, 872172, 1090018]",177603.18
"[4.5, 52.1]","[5.27, 33.0, 2.5]","[404944986, 563741395, 872209, 1090054]",177604.20
"[18.2, 52.7]","[5.29, 32.7, 2.47]","[404953336, 563747709, 872280, 1090119]",177605.20
"[0.0, 51.6]","[5.29, 32.7, 2.47]","[404959732, 563753149, 872338, 1090174]",177606.20
"[0.5, 52.1]","[5.29, 32.7, 2.47]","[404968941, 563760328, 872413, 1090244]",177607.21
"[1.7, 52.7]","[5.3, 32.6, 2.47]","[404980090, 563770405, 872495, 1090321]",177608.21
"[0.5, 52.7]","[5.3, 32.7, 2.47]","[404984957, 563774964, 872532, 1090356]",177609.21
"[0.7, 52.1]","[5.3, 32.7, 2.47]","[404992078, 563780917, 872594, 1090417]",177610.21
"[0.7, 50.5]","[5.3, 32.7, 2.47]","[404998880, 563786159, 872653, 1090472]",177611.22
"[8.5, 52.7]","[5.29, 32.7, 2.48]","[405096491, 563873838, 872855, 1090665]",177612.22
"[1.3, 52.1]","[5.29, 32.7, 2.48]","[405118622, 563883347, 872931, 1090744]",177613.23
"[4.5, 53.2]","[5.29, 32.7, 2.48]","[405129450, 563990175, 873032, 1090881]",177614.23
"[1.3, 52.1]","[5.29, 32.7, 2.48]","[405142282, 564109137, 873142, 1091053]",177615.23
"[1.5, 52.7]","[5.29, 32.7, 2.48]","[405152473, 564220542, 873250, 1091210]",177616.24
"[9.1, 52.1]","[5.28, 32.8, 2.48]","[405240553, 564318921, 873429, 1091379]",177617.24
"[1.3, 51.6]","[5.28, 32.8, 2.49]","[405347951, 564326222, 873533, 1091461]",177618.25
"[1.5, 52.7]","[5.28, 32.8, 2.49]","[405360699, 564337672, 873595, 1091517]",177619.35
"[1.0, 53.2]","[5.28, 32.8, 2.49]","[405368248, 564343937, 873658, 1091581]",177620.35
"[0.3, 53.2]","[5.28, 32.8, 2.49]","[405375673, 564349508, 873721, 1091639]",177621.46
"[0.7, 51.6]","[5.28, 32.8, 2.49]","[405382726, 564355225, 873775, 1091690]",177622.46
"[0.8, 51.0]","[5.28, 32.8, 2.49]","[405389334, 564365522, 873831, 1091743]",177623.47
"[1.8, 51.6]","[5.28, 32.8, 2.49]","[405403381, 564411325, 873945, 1091860]",177624.47
"[1.3, 51.6]","[5.28, 32.8, 2.49]","[405421837, 564461381, 874073, 1092003]",177625.47
"[1.5, 50.5]","[5.28, 32.9, 2.49]","[405438752, 564519180, 874212, 1092161]",177626.48
"[1.3, 52.1]","[5.28, 32.9, 2.49]","[405450318, 564545037, 874298, 1092243]",177627.49
"[2.5, 51.0]","[5.28, 32.9, 2.49]","[405456518, 564555289, 874354, 1092294]",177628.49
"[0.5, 50.5]","[5.28, 32.9, 2.49]","[405473832, 564573467, 874437, 1092371]",177629.49
"[0.5, 52.1]","[5.28, 32.9, 2.49]","[405482922, 564584881, 874518, 1092448]",177630.50
"[1.7, 52.1]","[5.28, 32.9, 2.49]","[405491038, 564591521, 874584, 1092510]",177631.50
"[0.8, 54.3]","[5.28, 32.9, 2.49]","[405508316, 564635757, 874712, 1092638]",177632.50
"[0.8, 52.1]","[5.28, 32.9, 2.49]","[405519297, 564680274, 874788, 1092731]",177633.51
"[1.3, 51.6]","[5.28, 32.9, 2.49]","[405528177, 564704700, 874848, 1092797]",177634.51
"[1.5, 51.6]","[5.28, 32.9, 2.49]","[405535940, 564711017, 874916, 1092862]",177635.52
"[0.3, 51.6]","[5.28, 32.9, 2.49]","[405545708, 564723001, 874990, 1092934]",177636.52
"[0.7, 51.6]","[5.28, 32.9, 2.49]","[405552127, 564728022, 875046, 1092986]",177637.53
"[0.8, 51.6]","[5.28, 32.9, 2.49]","[405558642, 564738505, 875106, 1093044]",177638.53
"[1.0, 51.6]","[5.28, 32.9, 2.49]","[405567319, 564754582, 875173, 1093112]",177639.54
"[1.0, 49.9]","[5.28, 32.9, 2.49]","[405578036, 564775515, 875258, 1093194]",177640.54
"[0.8, 49.9]","[5.28, 32.9, 2.49]","[405588668, 564792707, 875349, 1093281]",177641.54
"[1.5, 51.0]","[5.28, 32.9, 2.49]","[405598214, 564813800, 875424, 1093357]",177642.55
"[1.0, 51.0]","[5.28, 32.9, 2.49]","[405608308, 564835977, 875503, 1093440]",177643.56
"[1.0, 50.5]","[5.28, 32.9, 2.49]","[405618299, 564852812, 875581, 1093520]",177644.57
"[7.0, 51.0]","[5.28, 32.9, 2.49]","[405659957, 564916356, 875797, 1093756]",177645.57
"[2.7, 49.9]","[5.28, 32.9, 2.49]","[405681655, 564933028, 875913, 1093873]",177646.58
"[0.3, 51.0]","[5.28, 32.9, 2.49]","[405690281, 564939542, 875977, 1093933]",177647.58
"[3.3, 51.6]","[5.28, 32.9, 2.49]","[405718783, 564994132, 876101, 1094077]",177648.59
"[5.7, 51.0]","[5.28, 32.9, 2.49]","[405745310, 565048663, 876276, 1094275]",177649.59
"[2.5, 51.6]","[5.28, 32.9, 2.49]","[405778836, 565106362, 876444, 1094465]",177650.59
"[5.5, 52.1]","[5.27, 32.9, 2.49]","[405847988, 565230709, 876665, 1094717]",177651.60
"[0.5, 52.1]","[5.27, 32.9, 2.49]","[405855825, 565238276, 876723, 1094772]",177652.60
"[1.2, 51.6]","[5.27, 32.9, 2.49]","[405862522, 565243423, 876766, 1094810]",177653.60
"[0.5, 52.7]","[5.27, 32.9, 2.5]","[405877752, 565254742, 876828, 1094866]",177654.61
"[0.5, 51.0]","[5.27, 32.9, 2.5]","[405884920, 565260674, 876884, 1094922]",177655.61
"[1.7, 51.6]","[5.27, 32.9, 2.49]","[405897698, 565270712, 876975, 1095007]",177656.62
"[0.7, 50.5]","[5.27, 32.9, 2.49]","[405904294, 565275734, 877024, 1095052]",177657.62
"[0.5, 51.0]","[5.27, 32.9, 2.49]","[405910591, 565281023, 877059, 1095087]",177658.62
"[0.7, 51.6]","[5.27, 32.9, 2.49]","[405917501, 565286581, 877110, 1095134]",177659.63
"[0.3, 51.0]","[5.27, 32.9, 2.49]","[405927483, 565293421, 877172, 1095191]",177660.63
"[5.6, 52.7]","[5.28, 32.9, 2.49]","[405973830, 565368470, 877305, 1095325]",177661.64
"[0.3, 51.6]","[5.27, 32.9, 2.49]","[406042175, 565384174, 877411, 1095423]",177662.64
"[0.3, 52.7]","[5.27, 32.9, 2.49]","[406049202, 565393977, 877459, 1095468]",177663.65
"[0.7, 52.1]","[5.27, 32.9, 2.49]","[406058850, 565444247, 877553, 1095566]",177664.65
"[25.3, 52.7]","[5.28, 32.9, 2.49]","[406068387, 565541332, 877645, 1095694]",177665.65
"[4.3, 52.1]","[5.28, 32.9, 2.49]","[406089825, 565654852, 877825, 1095882]",177666.66
"[9.3, 52.7]","[5.28, 32.9, 2.49]","[406142396, 565815170, 878015, 1096096]",177667.66
"[3.0, 52.7]","[5.28, 32.9, 2.49]","[406305305, 565833128, 878183, 1096220]",177668.66
"[1.7, 52.7]","[5.28, 32.9, 2.49]","[406312437, 565838768, 878238, 1096269]",177669.67
"[0.8, 53.2]","[5.27, 32.9, 2.49]","[406326496, 565850076, 878309, 1096334]",177670.67
"[1.3, 52.7]","[5.27, 32.9, 2.49]","[406341627, 565866807, 878421, 1096441]",177671.68
"[1.3, 52.1]","[5.27, 32.9, 2.49]","[406363211, 565932189, 878578, 1096609]",177672.68
"[1.3, 51.6]","[5.27, 32.9, 2.5]","[406381040, 565957440, 878696, 1096734]",177673.69
"[6.3, 52.1]","[5.27, 32.9, 2.49]","[406428579, 566035752, 878959, 1097017]",177674.69
"[4.0, 52.7]","[5.27, 32.9, 2.49]","[406466301, 566103032, 879150, 1097224]",177675.70
"[2.5, 51.6]","[5.27, 32.9, 2.5]","[406506042, 566163739, 879394, 1097478]",177676.71
"[7.8, 53.2]","[5.27, 33.0, 2.5]","[406555732, 566222434, 879647, 1097740]",177677.71
"[13.6, 54.3]","[5.27, 33.0, 2.5]","[406599128, 566302113, 879870, 1097993]",177678.71
"[8.2, 53.8]","[5.27, 33.0, 2.5]","[406669766, 566386052, 880165, 1098296]",177679.71
"[9.2, 53.2]","[5.27, 33.0, 2.5]","[406725529, 566483191, 880471, 1098640]",177680.72
"[11.8, 53.8]","[5.27, 33.0, 2.5]","[406817051, 566625846, 880748, 1098957]",177681.72
"[10.8, 53.8]","[5.27, 33.0, 2.5]","[406935801, 566673968, 881033, 1099235]",177682.73
"[6.0, 53.8]","[5.27, 33.0, 2.5]","[407049337, 566724334, 881301, 1099488]",177683.73
"[1.5, 53.2]","[5.26, 33.1, 2.5]","[407061874, 566735502, 881376, 1099565]",177684.74
"[4.0, 53.8]","[5.33, 32.3, 2.44]","[407082688, 566756285, 881489, 1099675]",177685.74
"[28.2, 54.9]","[5.25, 33.2, 2.52]","[407107019, 566780652, 881629, 1099812]",177686.75
"[2.8, 52.7]","[5.25, 33.3, 2.52]","[407114985, 566787782, 881688, 1099870]",177687.75
"[2.5, 53.8]","[5.25, 33.3, 2.52]","[407130879, 566805140, 881797, 1099986]",177688.75
"[1.0, 53.2]","[5.25, 33.3, 2.52]","[407150050, 566822289, 881934, 1100122]",177689.76
"[0.8, 53.8]","[5.25, 33.3, 2.52]","[407162326, 566833453, 882039, 1100227]",177690.76
"[1.3, 53.2]","[5.25, 33.3, 2.52]","[407174634, 566844295, 882145, 1100334]",177691.77
"[1.8, 52.7]","[5.25, 33.3, 2.52]","[407193095, 566853125, 882232, 1100416]",177692.77
"[0.7, 52.7]","[5.25, 33.3, 2.52]","[407236471, 566860301, 882306, 1100495]",177693.78
"[2.2, 52.7]","[5.26, 33.2, 2.51]","[407246165, 566869286, 882396, 1100583]",177694.78
"[2.3, 52.1]","[5.26, 33.1, 2.51]","[407252632, 566874655, 882454, 1100640]",177695.79
"[1.0, 52.1]","[5.26, 33.1, 2.51]","[407260623, 566880710, 882529, 1100708]",177696.79
"[0.5, 52.1]","[5.26, 33.1, 2.51]","[407328943, 566887286, 882624, 1100784]",177697.79
"[0.5, 51.6]","[5.26, 33.1, 2.51]","[407338232, 566893352, 882674, 1100837]",177698.80
"[6.0, 52.7]","[5.26, 33.1, 2.51]","[407396358, 566974173, 882801, 1100964]",177699.80
"[1.5, 52.7]","[5.26, 33.1, 2.51]","[407443979, 566981935, 882889, 1101054]",177700.80
"[2.0, 53.2]","[5.26, 33.1, 2.51]","[407457021, 567081683, 883029, 1101213]",177701.81
"[0.5, 53.2]","[5.26, 33.1, 2.51]","[407465504, 567174650, 883122, 1101346]",177702.81
"[0.8, 52.7]","[5.26, 33.1, 2.51]","[407473029, 567276233, 883206, 1101478]",177703.82
"[8.5, 54.3]","[5.26, 33.1, 2.51]","[407518243, 567392176, 883346, 1101655]",177704.82
"[0.5, 52.7]","[5.26, 33.1, 2.51]","[407635607, 567405882, 883487, 1101753]",177705.82
"[1.8, 53.2]","[5.26, 33.1, 2.51]","[407693275, 567420114, 883609, 1101861]",177706.83
"[1.0, 53.2]","[5.26, 33.1, 2.51]","[407698865, 567424738, 883660, 1101908]",177707.83
"[0.3, 53.2]","[5.26, 33.1, 2.51]","[407703676, 567429543, 883704, 1101950]",177708.84
"[1.7, 52.7]","[5.26, 33.1, 2.51]","[407712420, 567449329, 883786, 1102032]",177709.84
"[2.0, 52.1]","[5.26, 33.1, 2.51]","[407724050, 567480557, 883889, 1102136]",177710.85
"[0.8, 51.0]","[5.26, 33.1, 2.51]","[407734843, 567498258, 883985, 1102233]",177711.85
"[4.2, 51.6]","[5.26, 33.2, 2.51]","[407748829, 567540547, 884102, 1102358]",177712.86
"[3.0, 51.6]","[5.26, 33.1, 2.51]","[407899165, 567654969, 884248, 1102490]",177713.87
"[3.5, 50.5]","[5.26, 33.1, 2.51]","[407928550, 567724943, 884417, 1102680]",177714.87
"[4.0, 52.7]","[5.26, 33.1, 2.51]","[407966787, 567781199, 884635, 1102919]",177715.87
"[5.5, 53.2]","[5.26, 33.1, 2.51]","[408012636, 567854951, 884868, 1103166]",177716.87
"[1.5, 53.2]","[5.26, 33.1, 2.51]","[408034856, 567905933, 885042, 1103357]",177717.88
"[2.8, 51.6]","[5.26, 33.1, 2.51]","[408067630, 567972043, 885241, 1103579]",177718.88
"[5.5, 52.1]","[5.26, 33.1, 2.51]","[408108299, 568046979, 885496, 1103865]",177719.88
"[6.5, 52.7]","[5.26, 33.1, 2.51]","[408153048, 568129326, 885776, 1104172]",177720.89
"[7.5, 53.2]","[5.26, 33.1, 2.51]","[408239169, 568274332, 886065, 1104499]",177721.89
"[1.0, 51.6]","[5.26, 33.1, 2.51]","[408268290, 568292157, 886215, 1104638]",177722.89
"[3.5, 54.3]","[5.26, 33.1, 2.51]","[408310387, 568317269, 886355, 1104769]",177723.90
"[0.3, 54.3]","[5.26, 33.1, 2.51]","[408320993, 568330839, 886443, 1104856]",177724.91
"[0.7, 53.2]","[5.26, 33.1, 2.51]","[408333472, 568336580, 886505, 1104916]",177725.91
"[1.5, 52.7]","[5.26, 33.1, 2.51]","[408341472, 568343709, 886578, 1104986]",177726.91
"[0.8, 51.6]","[5.26, 33.1, 2.51]","[408347074, 568348635, 886628, 1105031]",177727.92
"[0.5, 52.1]","[5.26, 33.1, 2.51]","[408351886, 568353077, 886673, 1105074]",177728.92
"[1.0, 52.1]","[5.26, 33.1, 2.51]","[408359054, 568359231, 886736, 1105136]",177729.93
"[1.0, 51.0]","[5.26, 33.1, 2.51]","[408365969, 568365144, 886798, 1105196]",177730.93
"[0.7, 51.6]","[5.26, 33.1, 2.51]","[408374107, 568371330, 886870, 1105263]",177731.93
"[0.8, 50.5]","[5.26, 33.1, 2.51]","[408379250, 568375667, 886915, 1105305]",177732.94
"[1.5, 52.1]","[5.26, 33.1, 2.51]","[408384248, 568380697, 886961, 1105350]",177733.94
"[0.7, 52.1]","[5.26, 33.1, 2.51]","[408391588, 568386759, 887023, 1105409]",177734.95
"[0.3, 50.5]","[5.26, 33.1, 2.51]","[408398385, 568392196, 887085, 1105468]",177735.95
"[3.5, 52.1]","[5.26, 33.1, 2.51]","[408415901, 568412876, 887195, 1105569]",177736.95
"[0.3, 52.7]","[5.26, 33.1, 2.51]","[408421556, 568419197, 887247, 1105620]",177737.96
"[0.5, 52.7]","[5.26, 33.1, 2.51]","[408427010, 568424175, 887299, 1105669]",177738.96
"[0.5, 52.7]","[5.26, 33.1, 2.51]","[408434465, 568430454, 887363, 1105732]",177739.97
"[0.8, 51.6]","[5.26, 33.1, 2.51]","[408446838, 568441753, 887467, 1105835]",177740.97
"[0.5, 51.6]","[5.26, 33.1, 2.51]","[408459605, 568452695, 887571, 1105935]",177741.97
"[0.8, 51.0]","[5.26, 33.1, 2.51]","[408471385, 568465516, 887650, 1106016]",177742.98
"[2.0, 52.1]","[5.26, 33.1, 2.51]","[408477955, 568471103, 887701, 1106063]",177743.98
"[0.8, 52.7]","[5.26, 33.1, 2.51]","[408511385, 568486323, 887806, 1106160]",177744.99
"[0.7, 51.0]","[5.26, 33.1, 2.51]","[408518629, 568492379, 887871, 1106223]",177745.99
"[1.3, 51.6]","[5.29, 32.8, 2.48]","[408531949, 568503608, 887967, 1106317]",177746.99
"[2.8, 53.2]","[5.28, 32.8, 2.49]","[408556343, 568531836, 888136, 1106484]",177748.00
"[1.5, 52.1]","[5.28, 32.8, 2.49]","[408576460, 568551467, 888278, 1106628]",177749.00
"[1.3, 51.6]","[5.28, 32.9, 2.49]","[408586638, 568560075, 888359, 1106707]",177750.01
"[24.1, 53.2]","[5.3, 32.6, 2.46]","[408604004, 568575181, 888495, 1106837]",177751.01
"[0.8, 53.2]","[5.34, 32.0, 2.42]","[408615804, 568585683, 888585, 1106921]",177752.01
"[10.9, 54.9]","[5.3, 32.6, 2.46]","[408627050, 568595957, 888674, 1107009]",177753.02
"[18.5, 54.3]","[5.26, 33.1, 2.51]","[408637209, 568607682, 888747, 1107084]",177754.02
"[2.5, 53.8]","[5.27, 33.0, 2.5]","[408655733, 568626232, 888882, 1107224]",177755.03
"[2.5, 53.8]","[5.27, 33.0, 2.5]","[408695024, 568672233, 889122, 1107481]",177756.03
"[2.3, 53.2]","[5.27, 33.0, 2.5]","[408709933, 568686163, 889229, 1107588]",177757.04
"[2.2, 53.2]","[5.27, 33.0, 2.5]","[408719949, 568699385, 889300, 1107653]",177758.14
"[0.7, 53.2]","[5.27, 33.0, 2.5]","[408724953, 568704261, 889346, 1107696]",177759.25
"[0.3, 52.7]","[5.27, 33.0, 2.5]","[408732803, 568710911, 889420, 1107769]",177760.35
"[1.0, 54.3]","[5.27, 33.0, 2.5]","[408743562, 568719786, 889519, 1107861]",177761.45
"[2.0, 52.7]","[5.28, 32.9, 2.49]","[408783547, 568731323, 889632, 1107963]",177762.46
"[0.3, 52.7]","[5.28, 32.9, 2.49]","[408871052, 568740330, 889756, 1108061]",177763.56
"[0.3, 52.1]","[5.28, 32.9, 2.49]","[408878512, 568747412, 889826, 1108128]",177764.67
"[0.7, 52.1]","[5.28, 32.9, 2.49]","[408885860, 568753722, 889895, 1108196]",177765.77
"[1.3, 51.0]","[5.28, 32.9, 2.49]","[408894145, 568760653, 889974, 1108273]",177766.77
"[0.5, 51.6]","[5.28, 32.9, 2.49]","[408899707, 568765347, 890023, 1108320]",177767.88
"[0.3, 51.6]","[5.28, 32.9, 2.49]","[408904742, 568769794, 890069, 1108362]",177768.88
"[0.5, 52.1]","[5.28, 32.9, 2.49]","[408912268, 568776076, 890141, 1108429]",177769.88
"[0.5, 51.6]","[5.28, 32.9, 2.49]","[408919469, 568782325, 890208, 1108495]",177770.89
"[1.0, 50.5]","[5.28, 32.9, 2.49]","[408927897, 568788704, 890288, 1108567]",177771.89
"[1.2, 50.5]","[5.28, 32.9, 2.49]","[408933059, 568793642, 890333, 1108612]",177772.89
"[1.0, 51.6]","[5.28, 32.9, 2.49]","[408938156, 568798660, 890380, 1108658]",177773.90
"[0.8, 51.0]","[5.28, 32.9, 2.49]","[408945847, 568804549, 890452, 1108723]",177774.90
"[0.7, 51.0]","[5.28, 32.9, 2.49]","[408952927, 568810475, 890518, 1108788]",177775.90
"[0.8, 52.1]","[5.28, 32.9, 2.49]","[408960498, 568816860, 890587, 1108855]",177776.91
"[1.0, 50.5]","[5.28, 32.9, 2.49]","[408965790, 568821240, 890633, 1108896]",177777.91
"[1.2, 51.0]","[5.28, 32.9, 2.49]","[408970724, 568826202, 890680, 1108942]",177778.91
"[0.5, 51.0]","[5.28, 32.9, 2.49]","[408978047, 568832323, 890749, 1109006]",177779.92
"[0.5, 51.6]","[5.28, 32.9, 2.49]","[408985197, 568837911, 890815, 1109066]",177780.92
"[0.8, 51.0]","[5.28, 32.9, 2.49]","[408993200, 568843990, 890887, 1109133]",177781.93
"[1.8, 49.9]","[5.28, 32.9, 2.49]","[408998133, 568848671, 890930, 1109175]",177782.93
"[1.0, 51.6]","[5.28, 32.9, 2.49]","[409002840, 568853482, 890973, 1109218]",177783.93
"[1.0, 49.9]","[5.28, 32.9, 2.49]","[409010337, 568859375, 891043, 1109283]",177784.94
"[0.8, 50.5]","[5.28, 32.9, 2.49]","[409017678, 568865614, 891112, 1109347]",177785.94
"[0.8, 50.5]","[5.28, 32.9, 2.49]","[409025772, 568872280, 891187, 1109418]",177786.94
"[0.5, 50.5]","[5.28, 32.9, 2.49]","[409030979, 568876720, 891233, 1109461]",177787.95
"[1.0, 50.5]","[5.28, 32.9, 2.49]","[409035890, 568881643, 891278, 1109505]",177788.95
"[0.8, 49.9]","[5.28, 32.9, 2.49]","[409043462, 568888051, 891350, 1109574]",177789.95
"[1.0, 50.5]","[5.28, 32.9, 2.49]","[409050628, 568893649, 891416, 1109635]",177790.96
"[1.0, 51.0]","[5.28, 32.9, 2.49]","[409062198, 568903042, 891511, 1109723]",177791.96
"[0.7, 51.0]","[5.28, 32.9, 2.49]","[409067424, 568908815, 891559, 1109772]",177792.96
"[0.5, 51.0]","[5.28, 32.9, 2.49]","[409072935, 568914194, 891610, 1109823]",177793.97
"[1.0, 51.0]","[5.28, 32.9, 2.49]","[409082803, 568922606, 891700, 1109908]",177794.97
"[0.0, 50.5]","[5.28, 32.9, 2.49]","[409089978, 568928661, 891765, 1109969]",177795.98
"[0.0, 50.5]","[5.28, 32.9, 2.49]","[409098673, 568935698, 891842, 1110043]",177796.98
"[1.5, 51.0]","[5.28, 32.9, 2.49]","[409116918, 568952373, 891964, 1110172]",177797.99
"[1.5, 50.5]","[5.28, 32.9, 2.49]","[409125002, 568959047, 892012, 1110219]",177798.99
"[0.3, 49.4]","[5.28, 32.9, 2.49]","[409133655, 568966336, 892092, 1110296]",177800.00
"[1.0, 51.0]","[5.28, 32.9, 2.49]","[409141858, 568972979, 892168, 1110369]",177801.00
"[0.8, 50.5]","[5.28, 32.9, 2.49]","[409155890, 568985400, 892289, 1110490]",177802.01
"[1.0, 49.9]","[5.28, 32.9, 2.49]","[409167908, 568996590, 892380, 1110579]",177803.01
"[0.8, 50.5]","[5.28, 32.9, 2.49]","[409181088, 569008362, 892477, 1110674]",177804.02
"[0.5, 49.9]","[5.28, 32.9, 2.49]","[409191955, 569017849, 892566, 1110763]",177805.02
"[0.5, 48.8]","[5.28, 32.9, 2.49]","[409201353, 569025315, 892641, 1110835]",177806.03
"[0.5, 49.9]","[5.28, 32.9, 2.49]","[409210056, 569032294, 892719, 1110909]",177807.03
"[1.0, 50.5]","[5.28, 32.9, 2.49]","[409215285, 569036949, 892766, 1110955]",177808.04
"[0.3, 50.5]","[5.28, 32.9, 2.49]","[409220454, 569041818, 892812, 1110999]",177809.04
"[1.0, 49.9]","[5.28, 32.9, 2.49]","[409228106, 569048134, 892878, 1111063]",177810.05
"[0.3, 49.4]","[5.28, 32.9, 2.49]","[409235150, 569053654, 892941, 1111121]",177811.05
"[1.0, 50.5]","[5.28, 32.9, 2.49]","[409243717, 569060681, 893021, 1111198]",177812.05
"[0.8, 50.5]","[5.28, 32.9, 2.49]","[409248743, 569065391, 893065, 1111240]",177813.06
"[0.5, 50.5]","[5.28, 32.9, 2.49]","[409254118, 569070064, 893111, 1111283]",177814.06
"[0.5, 49.9]","[5.28, 32.9, 2.49]","[409261651, 569076411, 893176, 1111347]",177815.07
"[1.5, 50.5]","[5.28, 32.9, 2.49]","[409277599, 569083478, 893254, 1111414]",177816.07
"[0.8, 49.9]","[5.28, 32.9, 2.49]","[409286263, 569089830, 893330, 1111482]",177817.07
"[0.7, 50.5]","[5.28, 32.9, 2.49]","[409291054, 569094477, 893372, 1111524]",177818.08
"[0.5, 49.4]","[5.28, 32.9, 2.49]","[409296523, 569099304, 893418, 1111568]",177819.08
"[0.8, 50.5]","[5.28, 32.9, 2.49]","[409304101, 569105556, 893485, 1111632]",177820.09
"[1.0, 50.5]","[5.28, 32.9, 2.49]","[409311890, 569111393, 893555, 1111693]",177821.09
"[0.8, 50.5]","[5.28, 32.9, 2.49]","[409320268, 569118203, 893633, 1111766]",177822.09
"[0.8, 48.8]","[5.28, 32.9, 2.49]","[409325854, 569123461, 893683, 1111813]",177823.10
"[1.5, 48.8]","[5.28, 32.9, 2.49]","[409349303, 569144623, 893842, 1111968]",177824.17
"[1.2, 50.5]","[5.28, 32.9, 2.49]","[409364295, 569156571, 893932, 1112058]",177825.18
"[1.3, 50.5]","[5.27, 32.9, 2.49]","[409382459, 569172953, 894062, 1112189]",177826.18
"[1.0, 51.6]","[5.28, 32.9, 2.49]","[409390816, 569179220, 894138, 1112257]",177827.19
"[0.7, 49.9]","[5.28, 32.9, 2.49]","[409394476, 569183008, 894168, 1112288]",177828.19
"[0.8, 49.9]","[5.28, 32.9, 2.49]","[409398844, 569187174, 894206, 1112324]",177829.20
"[0.7, 50.5]","[5.28, 32.9, 2.49]","[409406395, 569192997, 894271, 1112385]",177830.20
"[1.0, 50.5]","[5.27, 32.9, 2.49]","[409413390, 569198692, 894331, 1112442]",177831.21
"[1.0, 50.5]","[5.28, 32.9, 2.49]","[409421189, 569204575, 894404, 1112509]",177832.21
"[0.0, 49.9]","[5.27, 32.9, 2.49]","[409425283, 569208597, 894434, 1112540]",177833.22
"[0.5, 50.5]","[5.27, 32.9, 2.49]","[409430639, 569212929, 894472, 1112574]",177834.22
"[0.8, 48.8]","[5.27, 32.9, 2.49]","[409438457, 569219193, 894540, 1112638]",177835.22
"[1.0, 49.9]","[5.27, 32.9, 2.49]","[409445707, 569225153, 894602, 1112697]",177836.23
"[0.7, 48.3]","[5.28, 32.9, 2.49]","[409453789, 569231169, 894676, 1112764]",177837.23
"[0.5, 49.9]","[5.27, 32.9, 2.49]","[409457947, 569235163, 894708, 1112795]",177838.24
"[0.8, 49.4]","[5.28, 32.9, 2.49]","[409462727, 569239677, 894746, 1112831]",177839.24
"[1.0, 48.3]","[5.28, 32.9, 2.49]","[409469776, 569245058, 894806, 1112887]",177840.25
"[0.3, 49.4]","[5.28, 32.9, 2.49]","[409477242, 569251419, 894870, 1112949]",177841.25
"[0.8, 48.8]","[5.27, 32.9, 2.49]","[409484980, 569258063, 894940, 1113019]",177842.26
"[0.5, 48.8]","[5.27, 32.9, 2.49]","[409488728, 569261371, 894970, 1113047]",177843.26
"[0.5, 49.9]","[5.28, 32.9, 2.49]","[409493486, 569265981, 895010, 1113086]",177844.26
"[0.8, 49.9]","[5.27, 32.9, 2.49]","[409501186, 569271781, 895076, 1113148]",177845.27
"[1.0, 48.3]","[5.27, 32.9, 2.49]","[409508543, 569277820, 895144, 1113212]",177846.27
"[1.5, 48.8]","[5.27, 32.9, 2.49]","[409515617, 569283290, 895207, 1113272]",177847.28
"[1.5, 49.4]","[5.27, 32.9, 2.49]","[409519749, 569287280, 895238, 1113303]",177848.28
"[0.8, 49.9]","[5.28, 32.9, 2.49]","[409524289, 569291780, 895276, 1113341]",177849.29
"[0.5, 49.4]","[5.27, 32.9, 2.49]","[409532483, 569297942, 895349, 1113408]",177850.29
"[0.3, 49.4]","[5.27, 32.9, 2.49]","[409539800, 569303843, 895412, 1113467]",177851.30
"[0.8, 48.8]","[5.27, 32.9, 2.49]","[409547064, 569309793, 895474, 1113526]",177852.30
"[0.5, 49.4]","[5.28, 32.9, 2.49]","[409550829, 569313126, 895504, 1113554]",177853.31
"[0.3, 49.4]","[5.28, 32.9, 2.49]","[409555344, 569317535, 895542, 1113590]",177854.31
"[1.0, 49.4]","[5.28, 32.9, 2.49]","[409563296, 569323935, 895612, 1113657]",177855.31
"[0.8, 49.9]","[5.27, 32.9, 2.49]","[409570275, 569329282, 895674, 1113715]",177856.32
"[1.2, 49.9]","[5.27, 32.9, 2.49]","[409577086, 569335009, 895735, 1113774]",177857.32
"[0.7, 49.4]","[5.27, 32.9, 2.49]","[409581343, 569338856, 895771, 1113807]",177858.32
"[0.8, 48.8]","[5.28, 32.9, 2.49]","[409585743, 569342902, 895807, 1113840]",177859.33
"[1.0, 49.4]","[5.28, 32.9, 2.49]","[409593497, 569348782, 895880, 1113907]",177860.33
"[1.0, 49.9]","[5.28, 32.9, 2.49]","[409600750, 569354723, 895946, 1113969]",177861.34
"[0.8, 51.0]","[5.27, 32.9, 2.49]","[409607922, 569360601, 896010, 1114029]",177862.34
"[0.5, 48.3]","[5.27, 32.9, 2.49]","[409612080, 569364359, 896045, 1114061]",177863.35
"[1.2, 48.8]","[5.28, 32.9, 2.49]","[409616380, 569368419, 896080, 1114094]",177864.35
"[1.5, 49.4]","[5.27, 32.9, 2.49]","[409624023, 569374784, 896149, 1114162]",177865.36
"[0.5, 49.9]","[5.27, 32.9, 2.49]","[409631385, 569380344, 896216, 1114223]",177866.36
"[1.0, 49.4]","[5.27, 32.9, 2.49]","[409638287, 569386162, 896278, 1114283]",177867.37
"[0.7, 47.7]","[5.27, 32.9, 2.49]","[409643104, 569390709, 896313, 1114317]",177868.37
"[0.7, 49.4]","[5.27, 32.9, 2.49]","[409648789, 569395327, 896361, 1114363]",177869.37
"[0.3, 49.4]","[5.27, 32.9, 2.49]","[409655754, 569401188, 896423, 1114424]",177870.38
"[0.8, 49.4]","[5.27, 32.9, 2.49]","[409662925, 569406595, 896484, 1114480]",177871.38
"[0.5, 49.4]","[5.27, 32.9, 2.49]","[409670444, 569412912, 896551, 1114543]",177872.39
"[0.7, 48.8]","[5.27, 32.9, 2.49]","[409674606, 569416622, 896585, 1114574]",177873.39
"[0.3, 48.3]","[5.27, 32.9, 2.49]","[409680750, 569421750, 896633, 1114618]",177874.40
"[0.8, 49.4]","[5.27, 32.9, 2.49]","[409687580, 569427586, 896694, 1114678]",177875.41
"[0.7, 47.7]","[5.27, 32.9, 2.49]","[409694813, 569432979, 896758, 1114736]",177876.41
"[0.5, 49.4]","[5.27, 32.9, 2.49]","[409702222, 569439036, 896815, 1114793]",177877.42
"[1.0, 48.3]","[5.27, 32.9, 2.49]","[409706301, 569443233, 896848, 1114826]",177878.42
"[0.3, 49.4]","[5.27, 32.9, 2.49]","[409712269, 569447781, 896897, 1114868]",177879.43
"[0.3, 49.9]","[5.27, 32.9, 2.49]","[409719329, 569453859, 896956, 1114928]",177880.43
"[1.7, 48.3]","[5.27, 32.9, 2.49]","[409726903, 569460021, 897024, 1114992]",177881.44
"[1.0, 48.8]","[5.27, 32.9, 2.49]","[409733700, 569465426, 897084, 1115050]",177882.44
"[0.5, 49.4]","[5.27, 32.9, 2.49]","[409738182, 569469286, 897121, 1115083]",177883.44
"[0.7, 49.9]","[5.27, 32.9, 2.49]","[409743619, 569473933, 897160, 1115120]",177884.45
"[0.8, 49.9]","[5.27, 32.9, 2.49]","[409750570, 569479902, 897223, 1115183]",177885.45
"[0.5, 48.8]","[5.27, 32.9, 2.49]","[409758258, 569485576, 897292, 1115245]",177886.46
"[1.2, 48.3]","[5.27, 32.9, 2.49]","[409765658, 569491509, 897355, 1115304]",177887.46
"[0.8, 49.4]","[5.27, 32.9, 2.5]","[409770328, 569495987, 897393, 1115340]",177888.47
"[0.7, 49.4]","[5.27, 32.9, 2.49]","[409775441, 569500134, 897437, 1115380]",177889.47
"[0.5, 48.3]","[5.27, 32.9, 2.49]","[409782848, 569506175, 897496, 1115438]",177890.48
"[0.8, 49.9]","[5.27, 32.9, 2.49]","[409790005, 569512365, 897559, 1115500]",177891.48
"[1.0, 49.4]","[5.27, 32.9, 2.49]","[409796440, 569517659, 897613, 1115552]",177892.49
"[0.5, 49.4]","[5.27, 32.9, 2.5]","[409801422, 569522259, 897650, 1115587]",177893.49
"[0.5, 49.4]","[5.27, 32.9, 2.5]","[409806835, 569527034, 897694, 1115629]",177894.50
"[0.8, 48.3]","[5.27, 32.9, 2.5]","[409813600, 569532251, 897750, 1115683]",177895.50
"[0.5, 48.8]","[5.27, 32.9, 2.49]","[409822074, 569538345, 897818, 1115744]",177896.51
"[2.0, 48.8]","[5.27, 32.9, 2.49]","[409828252, 569543677, 897870, 1115795]",177897.51
"[0.8, 49.4]","[5.27, 32.9, 2.5]","[409832892, 569548219, 897908, 1115832]",177898.51
"[1.0, 48.3]","[5.27, 32.9, 2.49]","[409838997, 569552818, 897954, 1115872]",177899.52
"[0.3, 48.8]","[5.27, 32.9, 2.5]","[409846339, 569558926, 898019, 1115936]",177900.52
"[3.8, 49.4]","[5.27, 33.0, 2.5]","[409868421, 569579601, 898159, 1116074]",177901.53
"[2.2, 48.8]","[5.27, 33.0, 2.5]","[409897899, 569612340, 898345, 1116266]",177902.53
"[0.8, 49.9]","[5.27, 33.0, 2.5]","[409914043, 569624526, 898419, 1116340]",177903.54
"[0.5, 49.4]","[5.27, 33.0, 2.5]","[409921955, 569631650, 898488, 1116407]",177904.54
"[11.0, 50.5]","[5.31, 32.4, 2.45]","[409935289, 569642830, 898592, 1116509]",177905.55
"[27.3, 51.6]","[5.29, 32.7, 2.47]","[409952207, 569658944, 898712, 1116627]",177906.55
"[27.8, 51.6]","[5.22, 33.7, 2.55]","[409965899, 569675114, 898792, 1116710]",177907.55
"[0.8, 50.5]","[5.21, 33.7, 2.56]","[409972415, 569680932, 898846, 1116761]",177908.56
"[22.0, 51.6]","[5.16, 34.3, 2.61]","[409982663, 569690084, 898935, 1116849]",177909.56
"[1.0, 50.5]","[5.16, 34.4, 2.61]","[409998064, 569703991, 899051, 1116969]",177910.57
"[1.3, 50.5]","[5.16, 34.4, 2.61]","[410006043, 569710883, 899123, 1117041]",177911.57
"[2.0, 49.9]","[5.16, 34.4, 2.61]","[410019309, 569724842, 899219, 1117140]",177912.58
"[1.3, 51.0]","[5.16, 34.4, 2.61]","[410031443, 569738505, 899303, 1117225]",177913.58
"[4.5, 50.5]","[5.17, 34.3, 2.6]","[410049621, 569759823, 899416, 1117339]",177914.59
"[3.2, 50.5]","[5.18, 34.2, 2.59]","[410072171, 569783843, 899557, 1117484]",177915.59
"[2.8, 50.5]","[5.18, 34.2, 2.59]","[410111249, 569799642, 899684, 1117599]",177916.59
"[4.2, 50.5]","[5.19, 34.1, 2.58]","[410143723, 569818518, 899822, 1117737]",177917.60
"[2.5, 51.0]","[5.19, 34.0, 2.58]","[410161168, 569837032, 899943, 1117859]",177918.60
"[1.3, 49.9]","[5.19, 34.0, 2.58]","[410171913, 569847059, 900031, 1117948]",177919.61
"[1.3, 49.4]","[5.19, 34.0, 2.58]","[410185551, 569859531, 900140, 1118060]",177920.61
"[2.7, 49.4]","[5.19, 34.0, 2.58]","[410199347, 569872103, 900246, 1118167]",177921.62
"[24.9, 52.1]","[5.14, 34.6, 2.62]","[410219058, 569890294, 900375, 1118298]",177922.62
"[3.5, 51.0]","[5.14, 34.6, 2.63]","[410237364, 569909723, 900500, 1118423]",177923.62
"[1.0, 51.6]","[5.14, 34.6, 2.63]","[410251237, 569924701, 900596, 1118523]",177924.63
"[1.0, 51.6]","[5.14, 34.6, 2.63]","[410266404, 569941159, 900707, 1118634]",177925.63
"[2.0, 51.0]","[5.14, 34.6, 2.63]","[410296243, 569973485, 900899, 1118831]",177926.64
"[2.0, 51.0]","[5.16, 34.4, 2.61]","[410303445, 569979963, 900963, 1118896]",177927.64
"[1.0, 51.6]","[5.16, 34.4, 2.61]","[410308267, 569984327, 901007, 1118937]",177928.65
"[1.5, 49.9]","[5.16, 34.4, 2.61]","[410322378, 569999189, 901107, 1119034]",177929.65
"[3.8, 49.9]","[5.16, 34.3, 2.61]","[410343982, 570023119, 901239, 1119173]",177930.66
"[4.3, 50.5]","[5.16, 34.4, 2.61]","[410382706, 570066573, 901452, 1119398]",177931.66
"[1.8, 49.9]","[5.16, 34.4, 2.61]","[410388811, 570071988, 901507, 1119451]",177932.67
"[1.3, 50.5]","[5.16, 34.4, 2.61]","[410397736, 570080915, 901575, 1119518]",177933.67
"[0.8, 50.5]","[5.16, 34.4, 2.61]","[410408271, 570090044, 901659, 1119598]",177934.68
"[1.5, 49.4]","[5.16, 34.4, 2.61]","[410426737, 570106092, 901782, 1119727]",177935.68
"[2.0, 48.8]","[5.16, 34.4, 2.61]","[410436422, 570114287, 901867, 1119810]",177936.68
"[1.0, 49.4]","[5.19, 34.0, 2.58]","[410448625, 570126498, 901960, 1119903]",177937.69
"[1.7, 49.4]","[5.19, 34.1, 2.58]","[410457633, 570135054, 902036, 1119979]",177938.69
"[2.0, 48.8]","[5.19, 34.0, 2.58]","[410482271, 570158432, 902226, 1120174]",177939.70
"[12.0, 51.0]","[5.16, 34.4, 2.61]","[410500187, 570175227, 902378, 1120329]",177940.70
"[14.6, 51.6]","[5.13, 34.7, 2.64]","[410519435, 570192940, 902510, 1120461]",177941.71
"[1.0, 51.6]","[5.13, 34.8, 2.64]","[410526586, 570199483, 902568, 1120520]",177942.71
"[1.2, 51.0]","[5.13, 34.8, 2.64]","[410533639, 570206194, 902631, 1120583]",177943.72
"[1.0, 51.6]","[5.13, 34.8, 2.64]","[410540579, 570211694, 902690, 1120637]",177944.72
"[2.0, 51.6]","[5.14, 34.6, 2.63]","[410551762, 570221471, 902784, 1120729]",177945.73
"[3.0, 49.9]","[5.14, 34.6, 2.63]","[410568900, 570237926, 902909, 1120849]",177946.73
"[1.3, 49.9]","[5.14, 34.6, 2.63]","[410585819, 570249623, 903007, 1120943]",177947.73
"[0.8, 49.9]","[5.14, 34.6, 2.63]","[410592684, 570256266, 903069, 1121006]",177948.74
"[2.8, 51.0]","[5.15, 34.5, 2.62]","[410601395, 570263875, 903145, 1121080]",177949.74
"[1.0, 50.5]","[5.15, 34.5, 2.62]","[410613578, 570275128, 903239, 1121176]",177950.75
"[1.8, 49.9]","[5.15, 34.5, 2.62]","[410623197, 570283307, 903326, 1121264]",177951.75
"[1.5, 49.4]","[5.15, 34.5, 2.62]","[410639641, 570298685, 903434, 1121373]",177952.76
"[1.5, 49.4]","[5.15, 34.5, 2.61]","[410647461, 570306441, 903497, 1121434]",177953.76
"[1.5, 50.5]","[5.2, 33.9, 2.57]","[410656389, 570313641, 903576, 1121506]",177954.77
"[1.8, 49.4]","[5.2, 33.9, 2.57]","[410674002, 570330124, 903676, 1121609]",177955.77
"[2.5, 49.9]","[5.2, 33.9, 2.57]","[410681046, 570336010, 903741, 1121674]",177956.78
"[1.8, 49.9]","[5.19, 33.9, 2.57]","[410686025, 570339887, 903788, 1121719]",177957.78
"[26.1, 53.2]","[5.14, 34.7, 2.63]","[410702880, 570355448, 903898, 1121828]",177958.79
"[1.5, 51.6]","[5.13, 34.7, 2.63]","[410716610, 570367508, 904003, 1121933]",177959.79
"[1.0, 51.6]","[5.13, 34.7, 2.63]","[410724040, 570373878, 904069, 1121997]",177960.80
"[1.5, 51.0]","[5.13, 34.7, 2.64]","[410732736, 570380566, 904150, 1122072]",177961.80
"[1.3, 51.6]","[5.13, 34.7, 2.64]","[410749819, 570396393, 904279, 1122201]",177962.80
"[2.0, 50.5]","[5.15, 34.5, 2.62]","[410755963, 570402293, 904331, 1122253]",177963.81
"[1.0, 51.0]","[5.15, 34.6, 2.62]","[410762768, 570407590, 904391, 1122308]",177964.81
"[1.2, 50.5]","[5.15, 34.5, 2.62]","[410773661, 570417195, 904482, 1122395]",177965.82
"[2.8, 49.9]","[5.16, 34.4, 2.61]","[410783735, 570425847, 904575, 1122486]",177966.82
"[1.8, 51.0]","[5.16, 34.4, 2.61]","[410794659, 570435367, 904666, 1122575]",177967.83
"[1.0, 49.9]","[5.16, 34.4, 2.61]","[410800415, 570441197, 904718, 1122628]",177968.83
"[1.5, 50.5]","[5.16, 34.4, 2.61]","[410840827, 570513625, 904795, 1122720]",177969.84
"[5.8, 49.9]","[5.15, 34.5, 2.62]","[410906959, 570537815, 904952, 1122860]",177970.84
"[1.2, 52.7]","[5.15, 34.5, 2.62]","[410928380, 570549692, 905072, 1122982]",177971.84
"[1.5, 51.6]","[5.15, 34.5, 2.62]","[410943866, 570652810, 905226, 1123163]",177972.85
"[1.5, 52.1]","[5.15, 34.5, 2.62]","[410955038, 570701734, 905333, 1123283]",177973.85
"[1.0, 51.0]","[5.15, 34.5, 2.62]","[410968637, 570782197, 905460, 1123445]",177974.86
"[1.7, 51.6]","[5.15, 34.5, 2.62]","[410977975, 570854547, 905557, 1123573]",177975.86
"[2.5, 51.0]","[5.15, 34.5, 2.62]","[411021238, 571018494, 905683, 1123757]",177976.87
"[8.6, 50.5]","[5.13, 34.7, 2.64]","[411104305, 571036033, 905815, 1123864]",177977.87
"[1.5, 51.6]","[5.13, 34.7, 2.64]","[411191983, 571044489, 905920, 1123958]",177978.87
"[2.0, 51.0]","[5.13, 34.7, 2.64]","[411205866, 571056774, 906000, 1124033]",177979.88
"[0.5, 52.1]","[5.13, 34.8, 2.64]","[411213138, 571062436, 906069, 1124095]",177980.88
"[1.0, 52.1]","[5.13, 34.7, 2.64]","[411232471, 571121859, 906228, 1124262]",177981.88
"[1.3, 50.5]","[5.13, 34.8, 2.64]","[411255386, 571177163, 906429, 1124476]",177982.89
"[5.5, 50.5]","[5.12, 34.8, 2.64]","[411298808, 571263459, 906693, 1124773]",177983.89
"[6.0, 51.0]","[5.12, 34.9, 2.65]","[411345096, 571356559, 906998, 1125114]",177984.90
"[6.8, 52.7]","[5.12, 34.9, 2.65]","[411389756, 571447889, 907285, 1125434]",177985.90
"[3.8, 52.1]","[5.12, 34.9, 2.65]","[411429619, 571534885, 907559, 1125752]",177987.00
"[2.3, 51.0]","[5.12, 34.9, 2.65]","[411464862, 571608613, 907766, 1125984]",177988.01
"[3.0, 52.1]","[5.12, 34.9, 2.65]","[411544637, 571725498, 907997, 1126239]",177989.01
"[2.5, 52.7]","[5.12, 34.9, 2.65]","[411573435, 571752828, 908185, 1126437]",177990.01
"[32.2, 53.8]","[5.12, 34.9, 2.65]","[411610633, 571780855, 908341, 1126578]",177991.01
"[1.0, 53.8]","[5.12, 34.9, 2.65]","[411631593, 571797139, 908450, 1126690]",177992.02
"[2.5, 51.0]","[5.12, 34.8, 2.64]","[411640876, 571805504, 908506, 1126747]",177993.02
"[0.8, 52.7]","[5.12, 34.9, 2.65]","[411655006, 571818586, 908597, 1126837]",177994.03
"[1.3, 52.7]","[5.12, 34.9, 2.65]","[411674269, 571837301, 908725, 1126964]",177995.03
"[3.7, 52.7]","[5.12, 34.9, 2.65]","[411727751, 571851867, 908860, 1127088]",177996.04
"[2.3, 52.7]","[5.12, 34.9, 2.65]","[411772727, 571886567, 909094, 1127318]",177997.04
"[8.1, 53.2]","[5.13, 34.7, 2.63]","[411787468, 571900222, 909192, 1127419]",177998.04
"[11.1, 54.3]","[5.11, 35.0, 2.66]","[411795996, 571907600, 909256, 1127477]",177999.05
"[1.2, 52.7]","[5.15, 34.5, 2.62]","[411807483, 571918569, 909339, 1127560]",178000.05
"[1.0, 53.2]","[5.15, 34.5, 2.62]","[411816136, 571925354, 909413, 1127627]",178001.06
"[21.2, 54.3]","[5.1, 35.1, 2.67]","[411832051, 571940289, 909538, 1127747]",178002.06
"[5.3, 53.2]","[5.09, 35.2, 2.67]","[411848714, 571956062, 909660, 1127873]",178003.06
"[3.0, 53.2]","[5.09, 35.3, 2.68]","[411866114, 571977641, 909757, 1127964]",178004.07
"[1.0, 53.2]","[5.09, 35.3, 2.68]","[411874581, 571986137, 909836, 1128042]",178005.07
"[1.0, 53.2]","[5.09, 35.3, 2.68]","[411903766, 571998468, 909960, 1128156]",178006.08
"[2.0, 53.2]","[5.15, 34.5, 2.62]","[411917412, 572011157, 910065, 1128269]",178007.08
"[2.2, 51.6]","[5.15, 34.6, 2.62]","[411932582, 572027607, 910176, 1128384]",178008.09
"[2.5, 51.6]","[5.15, 34.6, 2.62]","[411949395, 572044584, 910302, 1128516]",178009.09
"[1.5, 52.7]","[5.14, 34.6, 2.62]","[411962068, 572055341, 910413, 1128623]",178010.10
"[1.0, 52.1]","[5.15, 34.6, 2.62]","[411984632, 572067253, 910519, 1128722]",178011.10
"[29.2, 53.2]","[5.07, 35.5, 2.69]","[412015674, 572081120, 910648, 1128849]",178012.10
"[1.3, 52.7]","[5.07, 35.5, 2.7]","[412021255, 572086461, 910689, 1128891]",178013.11
"[2.5, 52.1]","[5.06, 35.6, 2.7]","[412167690, 572163062, 910815, 1128983]",178014.11
"[3.0, 52.7]","[5.07, 35.6, 2.7]","[412182456, 572178316, 910923, 1129092]",178015.12
"[0.8, 53.8]","[5.07, 35.6, 2.7]","[412194083, 572193279, 911018, 1129192]",178016.12
"[1.3, 52.7]","[5.07, 35.6, 2.7]","[412203328, 572200602, 911102, 1129270]",178017.12
"[1.0, 53.8]","[5.07, 35.6, 2.7]","[412208575, 572205693, 911152, 1129318]",178018.12
"[1.0, 51.6]","[5.07, 35.6, 2.7]","[412214114, 572210806, 911200, 1129364]",178019.13
"[1.8, 51.0]","[5.07, 35.5, 2.7]","[412226769, 572221401, 911306, 1129465]",178020.13
"[3.3, 53.2]","[5.08, 35.5, 2.69]","[412248615, 572245341, 911451, 1129612]",178021.14
"[1.2, 51.6]","[5.08, 35.5, 2.69]","[412257523, 572254167, 911530, 1129689]",178022.14
"[1.7, 51.0]","[5.08, 35.5, 2.69]","[412270924, 572267025, 911618, 1129773]",178023.15
"[1.7, 51.0]","[5.08, 35.5, 2.69]","[412278079, 572273426, 911682, 1129829]",178024.15
"[0.3, 51.6]","[5.08, 35.5, 2.69]","[412285771, 572279822, 911757, 1129899]",178025.16
"[3.5, 51.6]","[5.08, 35.5, 2.69]","[412298047, 572297078, 911848, 1129985]",178026.16
"[1.3, 52.1]","[5.08, 35.5, 2.69]","[412314109, 572313767, 911956, 1130094]",178027.17
"[0.8, 52.7]","[5.08, 35.5, 2.69]","[412322249, 572321849, 912025, 1130165]",178028.17
"[1.5, 51.6]","[5.08, 35.5, 2.69]","[412328403, 572327995, 912081, 1130222]",178029.17
"[1.5, 52.1]","[5.08, 35.5, 2.69]","[412336768, 572334354, 912155, 1130288]",178030.18
"[1.0, 52.7]","[5.08, 35.5, 2.69]","[412349457, 572349183, 912257, 1130383]",178031.18
"[2.7, 52.7]","[5.08, 35.5, 2.69]","[412357618, 572356046, 912333, 1130453]",178032.19
"[1.3, 51.6]","[5.08, 35.5, 2.69]","[412363746, 572365034, 912378, 1130499]",178033.19
"[1.0, 51.6]","[5.08, 35.5, 2.69]","[412369394, 572370650, 912429, 1130547]",178034.19
"[1.0, 51.0]","[5.08, 35.4, 2.69]","[412376645, 572376863, 912496, 1130612]",178035.20
"[0.8, 50.5]","[5.08, 35.4, 2.69]","[412388828, 572382887, 912568, 1130680]",178036.20
"[1.5, 51.6]","[5.08, 35.4, 2.69]","[412399752, 572392750, 912660, 1130767]",178037.21
"[2.2, 51.0]","[5.1, 35.1, 2.67]","[412414694, 572408124, 912773, 1130884]",178038.21
"[1.2, 51.0]","[5.1, 35.1, 2.67]","[412420482, 572413822, 912825, 1130936]",178039.21
"[1.2, 51.0]","[5.1, 35.1, 2.67]","[412428027, 572419956, 912895, 1131002]",178040.22
"[1.2, 50.5]","[5.1, 35.1, 2.67]","[412434933, 572426209, 912958, 1131065]",178041.22
"[1.5, 51.6]","[5.1, 35.1, 2.67]","[412443067, 572432951, 913031, 1131136]",178042.23
"[0.5, 49.9]","[5.1, 35.1, 2.67]","[412447317, 572436871, 913068, 1131173]",178043.23
"[1.2, 51.0]","[5.1, 35.1, 2.67]","[412452431, 572441915, 913115, 1131219]",178044.24
"[2.2, 51.0]","[5.1, 35.1, 2.67]","[412459919, 572448149, 913182, 1131282]",178045.24
"[1.0, 50.5]","[5.1, 35.1, 2.67]","[412467218, 572453792, 913249, 1131343]",178046.25
"[1.3, 50.5]","[5.1, 35.1, 2.67]","[412475020, 572460272, 913321, 1131411]",178047.25
"[1.2, 51.6]","[5.1, 35.1, 2.67]","[412479162, 572464548, 913356, 1131448]",178048.26
"[8.1, 49.9]","[5.1, 35.2, 2.67]","[412578029, 572549110, 913498, 1131585]",178049.26
"[0.5, 52.1]","[5.1, 35.2, 2.67]","[412586322, 572564822, 913573, 1131671]",178050.26
"[0.5, 52.1]","[5.1, 35.2, 2.67]","[412598222, 572668685, 913703, 1131834]",178051.27
"[1.3, 51.6]","[5.1, 35.2, 2.67]","[412608265, 572758669, 913808, 1131980]",178052.27
"[1.0, 52.7]","[5.1, 35.2, 2.67]","[412615266, 572846400, 913883, 1132096]",178053.28
"[1.5, 51.6]","[5.1, 35.2, 2.67]","[412622953, 572948785, 913966, 1132237]",178054.28
"[1.0, 51.6]","[5.1, 35.2, 2.67]","[412632608, 573025962, 914064, 1132375]",178055.28
"[10.0, 51.6]","[5.08, 35.4, 2.69]","[412693177, 573141054, 914212, 1132542]",178056.29
"[0.8, 52.7]","[5.08, 35.4, 2.69]","[412841462, 573151087, 914377, 1132665]",178057.29
"[2.0, 52.7]","[5.08, 35.4, 2.69]","[412852432, 573160787, 914427, 1132710]",178058.30
"[0.7, 52.1]","[5.08, 35.4, 2.69]","[412858323, 573166551, 914482, 1132761]",178059.30
"[2.5, 53.8]","[5.08, 35.4, 2.69]","[412881128, 573224691, 914668, 1132954]",178060.30
"[1.8, 51.6]","[5.08, 35.4, 2.69]","[412909266, 573300647, 914894, 1133196]",178061.31
"[6.5, 52.1]","[5.08, 35.4, 2.69]","[412964999, 573404374, 915149, 1133484]",178062.31
"[4.3, 51.6]","[5.08, 35.5, 2.69]","[413004416, 573494905, 915409, 1133776]",178063.32
"[3.3, 52.1]","[5.08, 35.5, 2.69]","[413031534, 573562684, 915606, 1133994]",178064.32
"[2.3, 52.1]","[5.08, 35.5, 2.69]","[413051169, 573585819, 915772, 1134161]",178065.42
"[1.0, 52.1]","[5.08, 35.5, 2.69]","[413080965, 573627352, 915919, 1134308]",178066.43
"[5.2, 53.2]","[5.08, 35.5, 2.69]","[413114478, 573697689, 916139, 1134555]",178067.43
"[3.3, 52.7]","[5.08, 35.5, 2.69]","[413151908, 573785139, 916380, 1134831]",178068.43
"[3.5, 52.1]","[5.08, 35.5, 2.69]","[413218159, 573896279, 916585, 1135060]",178069.44
"[1.5, 52.7]","[5.07, 35.5, 2.69]","[413231268, 573909148, 916679, 1135154]",178070.44
"[2.7, 52.1]","[5.08, 35.5, 2.69]","[413251426, 573922319, 916769, 1135234]",178071.45
"[0.8, 51.6]","[5.07, 35.5, 2.69]","[413258249, 573927838, 916830, 1135293]",178072.55
"[1.2, 51.6]","[5.08, 35.5, 2.69]","[413263178, 573932771, 916874, 1135337]",178073.56
"[1.0, 51.6]","[5.08, 35.5, 2.69]","[413269918, 573938551, 916936, 1135395]",178074.66
"[1.0, 51.0]","[5.08, 35.5, 2.69]","[413277118, 573944209, 917001, 1135457]",178075.66
"[1.5, 51.0]","[5.08, 35.5, 2.69]","[413285522, 573951095, 917076, 1135530]",178076.77
"[3.2, 50.5]","[5.08, 35.4, 2.69]","[413296282, 573960541, 917145, 1135596]",178077.77
"[1.2, 50.5]","[5.08, 35.4, 2.69]","[413300879, 573964542, 917181, 1135629]",178078.87
"[1.2, 51.6]","[5.08, 35.4, 2.69]","[413307989, 573970260, 917241, 1135684]",178079.88
"[1.0, 51.6]","[5.08, 35.4, 2.69]","[413315062, 573976051, 917302, 1135741]",178080.98
"[1.7, 51.6]","[5.08, 35.4, 2.69]","[413325735, 573984236, 917386, 1135817]",178081.99
"[1.5, 49.9]","[5.08, 35.4, 2.69]","[413336763, 573993692, 917447, 1135882]",178082.99
"[3.5, 51.0]","[5.08, 35.4, 2.69]","[413348358, 574004784, 917532, 1135965]",178083.99
"[1.7, 51.0]","[5.13, 34.8, 2.64]","[413363826, 574024983, 917624, 1136050]",178085.00
"[0.5, 52.1]","[5.13, 34.8, 2.64]","[413370305, 574030046, 917683, 1136104]",178086.00
"[2.0, 52.7]","[5.13, 34.7, 2.64]","[413380510, 574038865, 917768, 1136187]",178087.01
"[1.2, 51.0]","[5.13, 34.7, 2.64]","[413389845, 574047668, 917831, 1136250]",178088.01
"[1.2, 52.7]","[5.13, 34.8, 2.64]","[413394436, 574051939, 917868, 1136286]",178089.02
"[1.0, 51.0]","[5.13, 34.7, 2.64]","[413402466, 574058544, 917934, 1136349]",178090.03
"[1.0, 51.6]","[5.13, 34.7, 2.64]","[413412806, 574067747, 918013, 1136428]",178091.03
"[2.0, 52.1]","[5.13, 34.7, 2.64]","[413424530, 574077705, 918109, 1136521]",178092.03
"[1.7, 50.5]","[5.13, 34.7, 2.64]","[413439424, 574091325, 918207, 1136620]",178093.04
"[0.5, 51.6]","[5.13, 34.7, 2.64]","[413449801, 574101104, 918284, 1136701]",178094.04
"[0.5, 51.0]","[5.13, 34.8, 2.64]","[413458043, 574107164, 918355, 1136765]",178095.09
"[1.3, 49.9]","[5.16, 34.4, 2.61]","[413476154, 574122985, 918474, 1136882]",178096.10
"[5.5, 50.5]","[5.19, 34.0, 2.58]","[413489854, 574134970, 918584, 1136990]",178097.10
"[0.8, 51.0]","[5.19, 34.0, 2.58]","[413495317, 574139933, 918627, 1137031]",178098.10
"[1.0, 51.0]","[5.19, 34.0, 2.58]","[413505412, 574149452, 918704, 1137111]",178099.10
"[1.0, 51.0]","[5.19, 34.0, 2.58]","[413521855, 574163599, 918841, 1137246]",178100.11
